"","varbtwn_start","varwin_start","varbtwn_end","varwin_end","turnover","carriers","tenure_end","emps_end","cond","rep_no","b1","b2","b3","r0","r1","r2","s0","s1"
"1",1.06465620206696,0.0969111167769423,1.16810720921083,0.927260148821906,0.0650321395775941,0,9,1,1,1,0,0.3,0.1,0.03,0.1,0.05,1,1
"2",1.06465620206696,0.0969111167769423,1.14095592990969,0.690798235635028,0.0629201101928375,0,10,1,1,1,0.1,0.3,0.1,0.03,0.1,0.05,1,1
"3",1.06465620206696,0.0969111167769423,1.13162498520613,0.54832945305972,0.0608539944903581,0,11,1,1,1,0.2,0.3,0.1,0.03,0.1,0.05,1,1
"4",1.06465620206696,0.0969111167769423,1.03789178324635,0.410451962623301,0.0570615243342516,0,11,1,1,1,0.3,0.3,0.1,0.03,0.1,0.05,1,1
"5",1.06465620206696,0.0969111167769423,1.04947807303397,0.319978422563053,0.0519559228650138,0,14,1,1,1,0.4,0.3,0.1,0.03,0.1,0.05,1,1
"6",1.06465620206696,0.0969111167769423,1.06709035692482,0.249637307976005,0.0469237832874197,0,16,1,1,1,0.5,0.3,0.1,0.03,0.1,0.05,1,1
"7",1.06465620206696,0.0969111167769423,1.0712833306991,0.200450221593606,0.0409917355371901,0,18,1,1,1,0.6,0.3,0.1,0.03,0.1,0.05,1,1
"8",1.06465620206696,0.0969111167769423,1.06901168592798,0.15372789628596,0.0374288337924702,0,23,1,1,1,0.7,0.3,0.1,0.03,0.1,0.05,1,1
"9",1.06465620206696,0.0969111167769423,1.06951177472285,0.105904790551053,0.0354729109274564,0,21,1,1,1,0.8,0.3,0.1,0.03,0.1,0.05,1,1
"10",1.06465620206696,0.0969111167769423,1.06599573689118,0.149711125610087,0.033544536271809,0,22,2,1,1,0.9,0.3,0.1,0.03,0.1,0.05,1,1
"11",1.06465620206696,0.0969111167769423,1.06520143667382,0.134100689597334,0.0328282828282828,0,23,1,1,1,1,0.3,0.1,0.03,0.1,0.05,1,1
"12",1.06465620206696,0.0969111167769423,1.25309268950494,0.948733506947725,0.0637006427915519,0,9,1,1,2,0,0.3,0.1,0.03,0.1,0.05,1,1
"13",1.06465620206696,0.0969111167769423,1.06214781116496,0.710829874243731,0.0649862258953168,0,9.5,2,1,2,0.1,0.3,0.1,0.03,0.1,0.05,1,1
"14",1.06465620206696,0.0969111167769423,1.07773837234243,0.558211619806362,0.0618549127640037,0,10,2,1,2,0.2,0.3,0.1,0.03,0.1,0.05,1,1
"15",1.06465620206696,0.0969111167769423,1.08837613341412,0.401992433644345,0.0569605142332415,0,10,1,1,2,0.3,0.3,0.1,0.03,0.1,0.05,1,1
"16",1.06465620206696,0.0969111167769423,1.07587340610241,0.331722439300929,0.0524058769513315,0,13,1,1,2,0.4,0.3,0.1,0.03,0.1,0.05,1,1
"17",1.06465620206696,0.0969111167769423,1.07994588834511,0.274674546364557,0.0469146005509642,0,15.5,1,1,2,0.5,0.3,0.1,0.03,0.1,0.05,1,1
"18",1.06465620206696,0.0969111167769423,1.07997066369239,0.196520768708091,0.0433333333333333,0,18,2,1,2,0.6,0.3,0.1,0.03,0.1,0.05,1,1
"19",1.06465620206696,0.0969111167769423,1.06941694624237,0.171118225131761,0.038236914600551,0,19,2,1,2,0.7,0.3,0.1,0.03,0.1,0.05,1,1
"20",1.06465620206696,0.0969111167769423,1.06040991325287,0.14074377759505,0.0356932966023875,0,21,1,1,2,0.8,0.3,0.1,0.03,0.1,0.05,1,1
"21",1.06465620206696,0.0969111167769423,1.0653838434282,0.140332619855025,0.0341138659320478,0,23,1,1,2,0.9,0.3,0.1,0.03,0.1,0.05,1,1
"22",1.06465620206696,0.0969111167769423,1.06367136495759,0.1052693434662,0.0325895316804408,0,24,2,1,2,1,0.3,0.1,0.03,0.1,0.05,1,1
"23",1.06465620206696,0.0969111167769423,1.18418569492661,0.926763987026148,0.066317722681359,0,9,1,1,3,0,0.3,0.1,0.03,0.1,0.05,1,1
"24",1.06465620206696,0.0969111167769423,0.956893128435028,0.684903636507082,0.062534435261708,0,10,2,1,3,0.1,0.3,0.1,0.03,0.1,0.05,1,1
"25",1.06465620206696,0.0969111167769423,1.07417694379723,0.519880100248846,0.0583654729109275,0,11,1,1,3,0.2,0.3,0.1,0.03,0.1,0.05,1,1
"26",1.06465620206696,0.0969111167769423,1.06972189349909,0.443394661944216,0.0562075298438935,0,12,2,1,3,0.3,0.3,0.1,0.03,0.1,0.05,1,1
"27",1.06465620206696,0.0969111167769423,1.0971510198425,0.321583247509299,0.0518549127640037,0,13,1,1,3,0.4,0.3,0.1,0.03,0.1,0.05,1,1
"28",1.06465620206696,0.0969111167769423,1.05876292582227,0.253931291111837,0.0475757575757576,0,14.5,1,1,3,0.5,0.3,0.1,0.03,0.1,0.05,1,1
"29",1.06465620206696,0.0969111167769423,1.07373393472538,0.217995197919289,0.0426905417814509,0,18,2,1,3,0.6,0.3,0.1,0.03,0.1,0.05,1,1
"30",1.06465620206696,0.0969111167769423,1.06895908784132,0.181188005287401,0.0377134986225895,0,20,1,1,3,0.7,0.3,0.1,0.03,0.1,0.05,1,1
"31",1.06465620206696,0.0969111167769423,1.06055831926083,0.163213615739937,0.0367768595041322,0,20,1,1,3,0.8,0.3,0.1,0.03,0.1,0.05,1,1
"32",1.06465620206696,0.0969111167769423,1.06926595745746,0.148491861755377,0.0347566574839302,0,21.5,2,1,3,0.9,0.3,0.1,0.03,0.1,0.05,1,1
"33",1.06465620206696,0.0969111167769423,1.06632964129485,0.105458120662197,0.0339669421487603,0,23,1,1,3,1,0.3,0.1,0.03,0.1,0.05,1,1
"34",1.06465620206696,0.0969111167769423,1.1305306517358,0.933459152568547,0.0643067033976125,0,9,1,1,4,0,0.3,0.1,0.03,0.1,0.05,1,1
"35",1.06465620206696,0.0969111167769423,0.971312029947427,0.720312690947885,0.0634527089072544,0,10,1,1,4,0.1,0.3,0.1,0.03,0.1,0.05,1,1
"36",1.06465620206696,0.0969111167769423,1.09095461814982,0.532542872116513,0.0591460055096419,0,11,1,1,4,0.2,0.3,0.1,0.03,0.1,0.05,1,1
"37",1.06465620206696,0.0969111167769423,1.00956092203883,0.413451162040396,0.0568778696051423,0,12,2,1,4,0.3,0.3,0.1,0.03,0.1,0.05,1,1
"38",1.06465620206696,0.0969111167769423,1.09360327874748,0.337327490147136,0.052910927456382,0,13,1,1,4,0.4,0.3,0.1,0.03,0.1,0.05,1,1
"39",1.06465620206696,0.0969111167769423,1.08055146783303,0.304544290187736,0.0484022038567493,0,13.5,1,1,4,0.5,0.3,0.1,0.03,0.1,0.05,1,1
"40",1.06465620206696,0.0969111167769423,1.0387025020915,0.210752981352241,0.0425987144168962,0,18,2,1,4,0.6,0.3,0.1,0.03,0.1,0.05,1,1
"41",1.06465620206696,0.0969111167769423,1.06494697933844,0.176125099384302,0.0365564738292011,0,21,1,1,4,0.7,0.3,0.1,0.03,0.1,0.05,1,1
"42",1.06465620206696,0.0969111167769423,1.06148446238844,0.14464738582871,0.0358677685950413,0,22,1,1,4,0.8,0.3,0.1,0.03,0.1,0.05,1,1
"43",1.06465620206696,0.0969111167769423,1.06450203827719,0.150972831202334,0.0340495867768595,0,22,2,1,4,0.9,0.3,0.1,0.03,0.1,0.05,1,1
"44",1.06465620206696,0.0969111167769423,1.06560447339014,0.10647106302672,0.0335169880624426,0,21,1,1,4,1,0.3,0.1,0.03,0.1,0.05,1,1
"45",1.06465620206696,0.0969111167769423,1.15900546252829,0.915406421955821,0.066951331496786,0,8,2,1,5,0,0.3,0.1,0.03,0.1,0.05,1,1
"46",1.06465620206696,0.0969111167769423,1.22965499720427,0.691427171824152,0.0633976124885216,0,9.5,1,1,5,0.1,0.3,0.1,0.03,0.1,0.05,1,1
"47",1.06465620206696,0.0969111167769423,1.05668466283256,0.539074619541394,0.0608448117539027,0,11,1,1,5,0.2,0.3,0.1,0.03,0.1,0.05,1,1
"48",1.06465620206696,0.0969111167769423,1.08669556447151,0.415733443247367,0.056317722681359,0,11,1,1,5,0.3,0.3,0.1,0.03,0.1,0.05,1,1
"49",1.06465620206696,0.0969111167769423,1.05216672687983,0.335109645056344,0.052139577594123,0,13,1,1,5,0.4,0.3,0.1,0.03,0.1,0.05,1,1
"50",1.06465620206696,0.0969111167769423,1.05632071719087,0.272666496863764,0.0473278236914601,0,15,1,1,5,0.5,0.3,0.1,0.03,0.1,0.05,1,1
"51",1.06465620206696,0.0969111167769423,1.07122455256799,0.19789745267364,0.0416988062442608,0,18,1,1,5,0.6,0.3,0.1,0.03,0.1,0.05,1,1
"52",1.06465620206696,0.0969111167769423,1.05815955460836,0.179411882917455,0.0384848484848485,0,20,1,1,5,0.7,0.3,0.1,0.03,0.1,0.05,1,1
"53",1.06465620206696,0.0969111167769423,1.06744043768781,0.137539880238406,0.035702479338843,0,21,2,1,5,0.8,0.3,0.1,0.03,0.1,0.05,1,1
"54",1.06465620206696,0.0969111167769423,1.06569432174136,0.106598947072305,0.0341689623507805,0,22,1,1,5,0.9,0.3,0.1,0.03,0.1,0.05,1,1
"55",1.06465620206696,0.0969111167769423,1.06414617023586,0.109338119973528,0.0326905417814509,0,23,1,1,5,1,0.3,0.1,0.03,0.1,0.05,1,1
"56",1.15641078439651,0.097806092788326,1.14954039949574,0.947764010243925,0.0649219467401286,0,9,2,4,1,0,0.3,0.1,0.03,0.1,0.05,1,1
"57",1.15641078439651,0.097806092788326,1.11807138717199,0.732760772479986,0.0619467401285583,0,10,1,4,1,0.1,0.3,0.1,0.03,0.1,0.05,1,1
"58",1.15641078439651,0.097806092788326,1.15248510793365,0.52988444648172,0.061386593204775,0,11,1,4,1,0.2,0.3,0.1,0.03,0.1,0.05,1,1
"59",1.15641078439651,0.097806092788326,1.18008441339199,0.391846336190179,0.0561524334251607,0,11,2,4,1,0.3,0.3,0.1,0.03,0.1,0.05,1,1
"60",1.15641078439651,0.097806092788326,1.16085063767863,0.319387415456817,0.0524977043158861,0,13,2,4,1,0.4,0.3,0.1,0.03,0.1,0.05,1,1
"61",1.15641078439651,0.097806092788326,1.15179898444905,0.26452117308722,0.0487878787878788,0,14,1,4,1,0.5,0.3,0.1,0.03,0.1,0.05,1,1
"62",1.15641078439651,0.097806092788326,1.15510981120511,0.215267523682738,0.0422405876951332,0,17,1,4,1,0.6,0.3,0.1,0.03,0.1,0.05,1,1
"63",1.15641078439651,0.097806092788326,1.14947045849983,0.184015229523542,0.0378971533516988,0,20,1,4,1,0.7,0.3,0.1,0.03,0.1,0.05,1,1
"64",1.15641078439651,0.097806092788326,1.15439095850828,0.143288131337818,0.0355096418732782,0,22,2,4,1,0.8,0.3,0.1,0.03,0.1,0.05,1,1
"65",1.15641078439651,0.097806092788326,1.15733730884061,0.137497834689425,0.0340036730945822,0,23,2,4,1,0.9,0.3,0.1,0.03,0.1,0.05,1,1
"66",1.15641078439651,0.097806092788326,1.15719613114094,0.120025550058799,0.0336271808999082,0,23,1,4,1,1,0.3,0.1,0.03,0.1,0.05,1,1
"67",1.15641078439651,0.097806092788326,1.44093577728185,0.944704979667938,0.0666758494031221,0,9,1,4,2,0,0.3,0.1,0.03,0.1,0.05,1,1
"68",1.15641078439651,0.097806092788326,1.24967030171345,0.694958471028043,0.0637649219467401,0,10,2,4,2,0.1,0.3,0.1,0.03,0.1,0.05,1,1
"69",1.15641078439651,0.097806092788326,1.15955894329853,0.524894031922793,0.0599265381083563,0,11,1,4,2,0.2,0.3,0.1,0.03,0.1,0.05,1,1
"70",1.15641078439651,0.097806092788326,1.1363547987512,0.375626252621643,0.0566942148760331,0,11,2,4,2,0.3,0.3,0.1,0.03,0.1,0.05,1,1
"71",1.15641078439651,0.097806092788326,1.14888896363758,0.309975760145952,0.0518549127640037,0,13,1.5,4,2,0.4,0.3,0.1,0.03,0.1,0.05,1,1
"72",1.15641078439651,0.097806092788326,1.16651838728522,0.283415087613417,0.0467952249770432,0,15,1,4,2,0.5,0.3,0.1,0.03,0.1,0.05,1,1
"73",1.15641078439651,0.097806092788326,1.14781049819351,0.205690709412156,0.0417722681359045,0,18,1,4,2,0.6,0.3,0.1,0.03,0.1,0.05,1,1
"74",1.15641078439651,0.097806092788326,1.15254462759274,0.174693770691992,0.0389072543617998,0,19.5,1,4,2,0.7,0.3,0.1,0.03,0.1,0.05,1,1
"75",1.15641078439651,0.097806092788326,1.1579083608004,0.17462087334089,0.036574839302112,0,21,1,4,2,0.8,0.3,0.1,0.03,0.1,0.05,1,1
"76",1.15641078439651,0.097806092788326,1.15545605395589,0.099169383476452,0.03366391184573,0,23,1,4,2,0.9,0.3,0.1,0.03,0.1,0.05,1,1
"77",1.15641078439651,0.097806092788326,1.15415391191618,0.12902234975558,0.0328558310376492,0,23,2,4,2,1,0.3,0.1,0.03,0.1,0.05,1,1
"78",1.15641078439651,0.097806092788326,1.39132241612708,0.937782110449348,0.0638292011019284,0,9,2,4,3,0,0.3,0.1,0.03,0.1,0.05,1,1
"79",1.15641078439651,0.097806092788326,1.194220607707,0.651524730156566,0.0622314049586777,0,10,1,4,3,0.1,0.3,0.1,0.03,0.1,0.05,1,1
"80",1.15641078439651,0.097806092788326,1.17023533488438,0.546619107864846,0.0606703397612489,0,11,2,4,3,0.2,0.3,0.1,0.03,0.1,0.05,1,1
"81",1.15641078439651,0.097806092788326,1.21246728490192,0.443379002991887,0.0572910927456382,0,12,1,4,3,0.3,0.3,0.1,0.03,0.1,0.05,1,1
"82",1.15641078439651,0.097806092788326,1.16302198214355,0.317953249135702,0.0517998163452709,0,13,2,4,3,0.4,0.3,0.1,0.03,0.1,0.05,1,1
"83",1.15641078439651,0.097806092788326,1.16146737262146,0.263260074094515,0.0475665748393021,0,16,1,4,3,0.5,0.3,0.1,0.03,0.1,0.05,1,1
"84",1.15641078439651,0.097806092788326,1.17242376403549,0.207216179162351,0.0412029384756658,0,17,1,4,3,0.6,0.3,0.1,0.03,0.1,0.05,1,1
"85",1.15641078439651,0.097806092788326,1.15589975411114,0.15310148084375,0.0382093663911846,0,21,1,4,3,0.7,0.3,0.1,0.03,0.1,0.05,1,1
"86",1.15641078439651,0.097806092788326,1.1510961566857,0.118976915934303,0.0356473829201102,0,20,1,4,3,0.8,0.3,0.1,0.03,0.1,0.05,1,1
"87",1.15641078439651,0.097806092788326,1.15889245346887,0.111762773593984,0.0336271808999082,0,23,1,4,3,0.9,0.3,0.1,0.03,0.1,0.05,1,1
"88",1.15641078439651,0.097806092788326,1.15695367693057,0.143974450452772,0.0335720844811754,0,21,2,4,3,1,0.3,0.1,0.03,0.1,0.05,1,1
"89",1.15641078439651,0.097806092788326,1.26160737045874,0.901366187342504,0.0654820936639118,0,9,2,4,4,0,0.3,0.1,0.03,0.1,0.05,1,1
"90",1.15641078439651,0.097806092788326,1.16067919735994,0.673617737217023,0.0641689623507805,0,9,1,4,4,0.1,0.3,0.1,0.03,0.1,0.05,1,1
"91",1.15641078439651,0.097806092788326,1.20307087109975,0.522785138339623,0.0601101928374656,0,11,2,4,4,0.2,0.3,0.1,0.03,0.1,0.05,1,1
"92",1.15641078439651,0.097806092788326,1.12714834435119,0.402245015827564,0.0577869605142332,0,11,1,4,4,0.3,0.3,0.1,0.03,0.1,0.05,1,1
"93",1.15641078439651,0.097806092788326,1.18441072884533,0.310898350786523,0.0529568411386593,0,13,1,4,4,0.4,0.3,0.1,0.03,0.1,0.05,1,1
"94",1.15641078439651,0.097806092788326,1.16594964060264,0.240919845266084,0.0473278236914601,0,16,1,4,4,0.5,0.3,0.1,0.03,0.1,0.05,1,1
"95",1.15641078439651,0.097806092788326,1.15359808772178,0.215626350165281,0.0418824609733701,0,18,1,4,4,0.6,0.3,0.1,0.03,0.1,0.05,1,1
"96",1.15641078439651,0.097806092788326,1.15906031796376,0.146526974559699,0.0379706152433425,0,20,1,4,4,0.7,0.3,0.1,0.03,0.1,0.05,1,1
"97",1.15641078439651,0.097806092788326,1.15675654063101,0.181758329329534,0.0354729109274564,0,21,1,4,4,0.8,0.3,0.1,0.03,0.1,0.05,1,1
"98",1.15641078439651,0.097806092788326,1.15774998646523,0.137225823259545,0.0331037649219467,0,23,2,4,4,0.9,0.3,0.1,0.03,0.1,0.05,1,1
"99",1.15641078439651,0.097806092788326,1.15356822204233,0.0993127556099205,0.0331496786042241,0,23,1,4,4,1,0.3,0.1,0.03,0.1,0.05,1,1
"100",1.15641078439651,0.097806092788326,1.32710351080905,0.940553971079701,0.0665013774104683,0,9,2,4,5,0,0.3,0.1,0.03,0.1,0.05,1,1
"101",1.15641078439651,0.097806092788326,1.2150733421388,0.712372501188855,0.0629843893480257,0,10,1,4,5,0.1,0.3,0.1,0.03,0.1,0.05,1,1
"102",1.15641078439651,0.097806092788326,1.12695938891579,0.557990934824389,0.0609090909090909,0,11,1,4,5,0.2,0.3,0.1,0.03,0.1,0.05,1,1
"103",1.15641078439651,0.097806092788326,1.14434228257399,0.416135924817841,0.0574839302112029,0,12,1,4,5,0.3,0.3,0.1,0.03,0.1,0.05,1,1
"104",1.15641078439651,0.097806092788326,1.12296954278786,0.338211450548255,0.0517079889807163,0,13,1,4,5,0.4,0.3,0.1,0.03,0.1,0.05,1,1
"105",1.15641078439651,0.097806092788326,1.13193615364317,0.282865498104271,0.0487878787878788,0,14,1,4,5,0.5,0.3,0.1,0.03,0.1,0.05,1,1
"106",1.15641078439651,0.097806092788326,1.15633306405905,0.214659175542843,0.0410284664830119,0,17,1,4,5,0.6,0.3,0.1,0.03,0.1,0.05,1,1
"107",1.15641078439651,0.097806092788326,1.16500477023112,0.192785721149958,0.0381634527089073,0,19.5,1,4,5,0.7,0.3,0.1,0.03,0.1,0.05,1,1
"108",1.15641078439651,0.097806092788326,1.16110683049312,0.153060979532913,0.0349862258953168,0,21,2,4,5,0.8,0.3,0.1,0.03,0.1,0.05,1,1
"109",1.15641078439651,0.097806092788326,1.16036728058349,0.148477991626944,0.0328925619834711,0,23,1,4,5,0.9,0.3,0.1,0.03,0.1,0.05,1,1
"110",1.15641078439651,0.097806092788326,1.15845281034467,0.127981325152513,0.0328191000918274,0,23,1,4,5,1,0.3,0.1,0.03,0.1,0.05,1,1
"111",0.781802873202828,0.100515652988412,0.811252465302375,0.887838885049332,0.0658953168044077,0,9,1,7,1,0,0.3,0.1,0.03,0.1,0.05,1,1
"112",0.781802873202828,0.100515652988412,0.783814485633016,0.710076972111566,0.0618824609733701,0,9,2,7,1,0.1,0.3,0.1,0.03,0.1,0.05,1,1
"113",0.781802873202828,0.100515652988412,0.837105250608482,0.537127882703089,0.060257116620753,0,10,1,7,1,0.2,0.3,0.1,0.03,0.1,0.05,1,1
"114",0.781802873202828,0.100515652988412,0.775632084023438,0.421552465224626,0.0577869605142332,0,11.5,1,7,1,0.3,0.3,0.1,0.03,0.1,0.05,1,1
"115",0.781802873202828,0.100515652988412,0.800331964901324,0.324681135734498,0.0524517906336088,0,13,1.5,7,1,0.4,0.3,0.1,0.03,0.1,0.05,1,1
"116",0.781802873202828,0.100515652988412,0.795643367903139,0.224973928972707,0.0477685950413223,0,15,1,7,1,0.5,0.3,0.1,0.03,0.1,0.05,1,1
"117",0.781802873202828,0.100515652988412,0.780264328754872,0.243625649243927,0.0416253443526171,0,17,1,7,1,0.6,0.3,0.1,0.03,0.1,0.05,1,1
"118",0.781802873202828,0.100515652988412,0.78150402057034,0.154188426401421,0.0376308539944904,0,19,2,7,1,0.7,0.3,0.1,0.03,0.1,0.05,1,1
"119",0.781802873202828,0.100515652988412,0.782195034754911,0.155097209357196,0.0356657483930211,0,22,2,7,1,0.8,0.3,0.1,0.03,0.1,0.05,1,1
"120",0.781802873202828,0.100515652988412,0.778138286807141,0.151072025269291,0.0339853076216713,0,20,2,7,1,0.9,0.3,0.1,0.03,0.1,0.05,1,1
"121",0.781802873202828,0.100515652988412,0.784182381486213,0.137191050399175,0.0345270890725436,0,24,1,7,1,1,0.3,0.1,0.03,0.1,0.05,1,1
"122",0.781802873202828,0.100515652988412,1.00455969105317,0.987434481649227,0.0660973370064279,0,9,2,7,2,0,0.3,0.1,0.03,0.1,0.05,1,1
"123",0.781802873202828,0.100515652988412,0.861222587208922,0.703450518179001,0.0626629935720845,0,10,2,7,2,0.1,0.3,0.1,0.03,0.1,0.05,1,1
"124",0.781802873202828,0.100515652988412,0.780412242225835,0.510683305535485,0.0604407713498623,0,10,1,7,2,0.2,0.3,0.1,0.03,0.1,0.05,1,1
"125",0.781802873202828,0.100515652988412,0.812756844196175,0.432646287147676,0.0568135904499541,0,11,1,7,2,0.3,0.3,0.1,0.03,0.1,0.05,1,1
"126",0.781802873202828,0.100515652988412,0.764853068121696,0.327271466057794,0.0521487603305785,0,12,1,7,2,0.4,0.3,0.1,0.03,0.1,0.05,1,1
"127",0.781802873202828,0.100515652988412,0.789393298058201,0.262434685875261,0.0461340679522498,0,15,1,7,2,0.5,0.3,0.1,0.03,0.1,0.05,1,1
"128",0.781802873202828,0.100515652988412,0.790144126304602,0.194595341448489,0.0416069788797062,0,20,1,7,2,0.6,0.3,0.1,0.03,0.1,0.05,1,1
"129",0.781802873202828,0.100515652988412,0.773303468084808,0.164964744957917,0.0379889807162534,0,20,1,7,2,0.7,0.3,0.1,0.03,0.1,0.05,1,1
"130",0.781802873202828,0.100515652988412,0.777849000026081,0.126938101696474,0.0355004591368228,0,22,1,7,2,0.8,0.3,0.1,0.03,0.1,0.05,1,1
"131",0.781802873202828,0.100515652988412,0.784630253128745,0.158127138394221,0.0339853076216713,0,24,1,7,2,0.9,0.3,0.1,0.03,0.1,0.05,1,1
"132",0.781802873202828,0.100515652988412,0.779141529334313,0.144341139367693,0.0339026629935721,0,22,1,7,2,1,0.3,0.1,0.03,0.1,0.05,1,1
"133",0.781802873202828,0.100515652988412,0.817728039186909,0.903968302151921,0.0659871441689624,0,9,2,7,3,0,0.3,0.1,0.03,0.1,0.05,1,1
"134",0.781802873202828,0.100515652988412,0.828958334852862,0.703681941590344,0.0641689623507805,0,10,2,7,3,0.1,0.3,0.1,0.03,0.1,0.05,1,1
"135",0.781802873202828,0.100515652988412,0.859824700674059,0.572411290526506,0.0599724517906336,0,10,1,7,3,0.2,0.3,0.1,0.03,0.1,0.05,1,1
"136",0.781802873202828,0.100515652988412,0.798014398761107,0.427598010083998,0.0571717171717172,0,11,1,7,3,0.3,0.3,0.1,0.03,0.1,0.05,1,1
"137",0.781802873202828,0.100515652988412,0.779568296752204,0.321738881217407,0.0528741965105601,0,13,1,7,3,0.4,0.3,0.1,0.03,0.1,0.05,1,1
"138",0.781802873202828,0.100515652988412,0.802019129137559,0.226543518124262,0.0466115702479339,0,16,1,7,3,0.5,0.3,0.1,0.03,0.1,0.05,1,1
"139",0.781802873202828,0.100515652988412,0.773753124328393,0.175153669577995,0.0424058769513315,0,18,1,7,3,0.6,0.3,0.1,0.03,0.1,0.05,1,1
"140",0.781802873202828,0.100515652988412,0.783075510527941,0.198014764467051,0.0381450872359963,0,19,1,7,3,0.7,0.3,0.1,0.03,0.1,0.05,1,1
"141",0.781802873202828,0.100515652988412,0.78273688738865,0.149763722612703,0.0357300275482094,0,21,1,7,3,0.8,0.3,0.1,0.03,0.1,0.05,1,1
"142",0.781802873202828,0.100515652988412,0.781755692324017,0.143370317754385,0.0348852157943067,0,20.5,2,7,3,0.9,0.3,0.1,0.03,0.1,0.05,1,1
"143",0.781802873202828,0.100515652988412,0.777412371522227,0.112242791508529,0.0328282828282828,0,24,2,7,3,1,0.3,0.1,0.03,0.1,0.05,1,1
"144",0.781802873202828,0.100515652988412,0.973333041542403,0.957263183747282,0.0663636363636364,0,9,1,7,4,0,0.3,0.1,0.03,0.1,0.05,1,1
"145",0.781802873202828,0.100515652988412,0.854844984555342,0.69814887728196,0.0641505968778696,0,9,1,7,4,0.1,0.3,0.1,0.03,0.1,0.05,1,1
"146",0.781802873202828,0.100515652988412,0.823989931735903,0.549527717011172,0.0610468319559229,0,9,1,7,4,0.2,0.3,0.1,0.03,0.1,0.05,1,1
"147",0.781802873202828,0.100515652988412,0.792314094730552,0.42883526609738,0.0580808080808081,0,9,2,7,4,0.3,0.3,0.1,0.03,0.1,0.05,1,1
"148",0.781802873202828,0.100515652988412,0.762682751033622,0.342973472926713,0.0513406795224977,0,14,1,7,4,0.4,0.3,0.1,0.03,0.1,0.05,1,1
"149",0.781802873202828,0.100515652988412,0.792704753996764,0.251730224295848,0.0478145087235996,0,16.5,1,7,4,0.5,0.3,0.1,0.03,0.1,0.05,1,1
"150",0.781802873202828,0.100515652988412,0.786699223617369,0.216793320346943,0.0418089990817264,0,20,1,7,4,0.6,0.3,0.1,0.03,0.1,0.05,1,1
"151",0.781802873202828,0.100515652988412,0.793373009969924,0.175687896878978,0.0388980716253444,0,19,1,7,4,0.7,0.3,0.1,0.03,0.1,0.05,1,1
"152",0.781802873202828,0.100515652988412,0.775179559432109,0.173157126172163,0.0360881542699725,0,21,1,7,4,0.8,0.3,0.1,0.03,0.1,0.05,1,1
"153",0.781802873202828,0.100515652988412,0.780608683593262,0.200833501958798,0.0342607897153352,0,20,1,7,4,0.9,0.3,0.1,0.03,0.1,0.05,1,1
"154",0.781802873202828,0.100515652988412,0.781557404265746,0.103031830313787,0.0333700642791552,0,23,1,7,4,1,0.3,0.1,0.03,0.1,0.05,1,1
"155",0.781802873202828,0.100515652988412,0.954630613074949,0.896893980398078,0.0660606060606061,0,9,1,7,5,0,0.3,0.1,0.03,0.1,0.05,1,1
"156",0.781802873202828,0.100515652988412,0.878749975394942,0.70501630842957,0.0643434343434343,0,10,1,7,5,0.1,0.3,0.1,0.03,0.1,0.05,1,1
"157",0.781802873202828,0.100515652988412,0.782454139345814,0.522710414398209,0.0616620752984389,0,10,1,7,5,0.2,0.3,0.1,0.03,0.1,0.05,1,1
"158",0.781802873202828,0.100515652988412,0.823079466166764,0.413125357163783,0.0570707070707071,0,11,1,7,5,0.3,0.3,0.1,0.03,0.1,0.05,1,1
"159",0.781802873202828,0.100515652988412,0.804614440442391,0.369845913624718,0.0534159779614325,0,13,1,7,5,0.4,0.3,0.1,0.03,0.1,0.05,1,1
"160",0.781802873202828,0.100515652988412,0.776747256313067,0.242486006008108,0.0461799816345271,0,15,1,7,5,0.5,0.3,0.1,0.03,0.1,0.05,1,1
"161",0.781802873202828,0.100515652988412,0.782388684028518,0.184456003134285,0.0422038567493113,0,19,1,7,5,0.6,0.3,0.1,0.03,0.1,0.05,1,1
"162",0.781802873202828,0.100515652988412,0.775449340680469,0.149298633995972,0.0380716253443526,0,19.5,1,7,5,0.7,0.3,0.1,0.03,0.1,0.05,1,1
"163",0.781802873202828,0.100515652988412,0.788178106452744,0.116895096389389,0.0353168044077135,0,22,1,7,5,0.8,0.3,0.1,0.03,0.1,0.05,1,1
"164",0.781802873202828,0.100515652988412,0.782254539277996,0.139527930991896,0.0340312213039486,0,22.5,1,7,5,0.9,0.3,0.1,0.03,0.1,0.05,1,1
"165",0.781802873202828,0.100515652988412,0.780662733156089,0.0945899714003541,0.033682277318641,0,22,1,7,5,1,0.3,0.1,0.03,0.1,0.05,1,1
"166",0.971568205471387,0.10136778404514,1.23692769701395,0.971567616417504,0.0655739210284665,0,8,1,10,1,0,0.3,0.1,0.03,0.1,0.05,1,1
"167",0.971568205471387,0.10136778404514,1.11978840153761,0.703146774531971,0.062415059687787,0,10,1,10,1,0.1,0.3,0.1,0.03,0.1,0.05,1,1
"168",0.971568205471387,0.10136778404514,1.11665646076517,0.543112660241085,0.0610651974288338,0,10,1,10,1,0.2,0.3,0.1,0.03,0.1,0.05,1,1
"169",0.971568205471387,0.10136778404514,0.976391047970554,0.406817427458796,0.0577502295684114,0,12,2,10,1,0.3,0.3,0.1,0.03,0.1,0.05,1,1
"170",0.971568205471387,0.10136778404514,0.985557736805026,0.337327500985191,0.0525160697887971,0,12,1,10,1,0.4,0.3,0.1,0.03,0.1,0.05,1,1
"171",0.971568205471387,0.10136778404514,0.9745195681296,0.248160884298754,0.0463544536271809,0,15,1,10,1,0.5,0.3,0.1,0.03,0.1,0.05,1,1
"172",0.971568205471387,0.10136778404514,0.981798388512829,0.19730678302637,0.0416804407713499,0,20,1,10,1,0.6,0.3,0.1,0.03,0.1,0.05,1,1
"173",0.971568205471387,0.10136778404514,0.963020518030109,0.173619460237266,0.037842056932966,0,20.5,1,10,1,0.7,0.3,0.1,0.03,0.1,0.05,1,1
"174",0.971568205471387,0.10136778404514,0.968141674031951,0.125994608819469,0.0350137741046832,0,21,1,10,1,0.8,0.3,0.1,0.03,0.1,0.05,1,1
"175",0.971568205471387,0.10136778404514,0.970290210359849,0.148162719831079,0.0342056932966024,0,21,1,10,1,0.9,0.3,0.1,0.03,0.1,0.05,1,1
"176",0.971568205471387,0.10136778404514,0.972464576924653,0.128427963679468,0.0331864095500459,0,20,1,10,1,1,0.3,0.1,0.03,0.1,0.05,1,1
"177",0.971568205471387,0.10136778404514,1.05247310430933,0.934678645082357,0.0651606978879706,0,9,2,10,2,0,0.3,0.1,0.03,0.1,0.05,1,1
"178",0.971568205471387,0.10136778404514,1.00724299350568,0.693370392942573,0.0627180899908173,0,10,2,10,2,0.1,0.3,0.1,0.03,0.1,0.05,1,1
"179",0.971568205471387,0.10136778404514,0.922440949187269,0.523508058210393,0.0599908172635445,0,11,2,10,2,0.2,0.3,0.1,0.03,0.1,0.05,1,1
"180",0.971568205471387,0.10136778404514,0.979458541653101,0.400183825077819,0.0565105601469238,0,11,2,10,2,0.3,0.3,0.1,0.03,0.1,0.05,1,1
"181",0.971568205471387,0.10136778404514,1.01304227829866,0.330757609134245,0.0528466483011938,0,13,2,10,2,0.4,0.3,0.1,0.03,0.1,0.05,1,1
"182",0.971568205471387,0.10136778404514,0.972371402876582,0.264366691989485,0.0463452708907254,0,17,1,10,2,0.5,0.3,0.1,0.03,0.1,0.05,1,1
"183",0.971568205471387,0.10136778404514,0.976179433232769,0.208206976752937,0.0410927456382002,0,18,1,10,2,0.6,0.3,0.1,0.03,0.1,0.05,1,1
"184",0.971568205471387,0.10136778404514,0.976528781326861,0.209144795469782,0.0377318640955005,0,20,1,10,2,0.7,0.3,0.1,0.03,0.1,0.05,1,1
"185",0.971568205471387,0.10136778404514,0.970991405165405,0.162843156059248,0.0338751147842057,0,22,1,10,2,0.8,0.3,0.1,0.03,0.1,0.05,1,1
"186",0.971568205471387,0.10136778404514,0.973733436937432,0.116778528678614,0.0344719926538108,0,20,2,10,2,0.9,0.3,0.1,0.03,0.1,0.05,1,1
"187",0.971568205471387,0.10136778404514,0.969579801695731,0.150523740758221,0.033406795224977,0,21,1.5,10,2,1,0.3,0.1,0.03,0.1,0.05,1,1
"188",0.971568205471387,0.10136778404514,1.05027433053194,0.977269355915291,0.0659504132231405,0,8,2,10,3,0,0.3,0.1,0.03,0.1,0.05,1,1
"189",0.971568205471387,0.10136778404514,0.959715544520254,0.671295863784397,0.0630211202938476,0,10,1,10,3,0.1,0.3,0.1,0.03,0.1,0.05,1,1
"190",0.971568205471387,0.10136778404514,1.0948288650472,0.487501191960166,0.0607162534435262,0,10,2,10,3,0.2,0.3,0.1,0.03,0.1,0.05,1,1
"191",0.971568205471387,0.10136778404514,1.00065313825553,0.410736566571229,0.0572543617998163,0,12,1,10,3,0.3,0.3,0.1,0.03,0.1,0.05,1,1
"192",0.971568205471387,0.10136778404514,0.949647806630605,0.2990085813352,0.0512396694214876,0,13,1,10,3,0.4,0.3,0.1,0.03,0.1,0.05,1,1
"193",0.971568205471387,0.10136778404514,0.955907210931932,0.280576363823541,0.0488797061524334,0,15,1,10,3,0.5,0.3,0.1,0.03,0.1,0.05,1,1
"194",0.971568205471387,0.10136778404514,0.964374677124847,0.205655994935009,0.041129476584022,0,19,2,10,3,0.6,0.3,0.1,0.03,0.1,0.05,1,1
"195",0.971568205471387,0.10136778404514,0.978659507728664,0.192379072862187,0.0383103764921947,0,19,1,10,3,0.7,0.3,0.1,0.03,0.1,0.05,1,1
"196",0.971568205471387,0.10136778404514,0.971242670866318,0.146137115987753,0.035325987144169,0,21,1,10,3,0.8,0.3,0.1,0.03,0.1,0.05,1,1
"197",0.971568205471387,0.10136778404514,0.968546665491423,0.133482061826101,0.034692378328742,0,22,1,10,3,0.9,0.3,0.1,0.03,0.1,0.05,1,1
"198",0.971568205471387,0.10136778404514,0.967502021284875,0.116412394065707,0.0328741965105601,0,24,1,10,3,1,0.3,0.1,0.03,0.1,0.05,1,1
"199",0.971568205471387,0.10136778404514,0.946601800319294,0.912801387068823,0.0652066115702479,0,9,1,10,4,0,0.3,0.1,0.03,0.1,0.05,1,1
"200",0.971568205471387,0.10136778404514,1.010579945925,0.688999426141538,0.0630211202938476,0,9,1,10,4,0.1,0.3,0.1,0.03,0.1,0.05,1,1
"201",0.971568205471387,0.10136778404514,0.975381603183649,0.526373690895365,0.0607162534435262,0,10,1,10,4,0.2,0.3,0.1,0.03,0.1,0.05,1,1
"202",0.971568205471387,0.10136778404514,1.03040727546508,0.413284664860111,0.05722681359045,0,12,1.5,10,4,0.3,0.3,0.1,0.03,0.1,0.05,1,1
"203",0.971568205471387,0.10136778404514,0.970078711175494,0.297094187560004,0.052277318640955,0,14,2,10,4,0.4,0.3,0.1,0.03,0.1,0.05,1,1
"204",0.971568205471387,0.10136778404514,0.963694615948259,0.222442200741804,0.0476492194674013,0,15,1,10,4,0.5,0.3,0.1,0.03,0.1,0.05,1,1
"205",0.971568205471387,0.10136778404514,0.98318843774698,0.207606140355966,0.0419651056014692,0,18,1,10,4,0.6,0.3,0.1,0.03,0.1,0.05,1,1
"206",0.971568205471387,0.10136778404514,0.986761891871901,0.217898744150066,0.0378145087235996,0,22,1,10,4,0.7,0.3,0.1,0.03,0.1,0.05,1,1
"207",0.971568205471387,0.10136778404514,0.979255655030858,0.125440088697873,0.0348576675849403,0,20,1,10,4,0.8,0.3,0.1,0.03,0.1,0.05,1,1
"208",0.971568205471387,0.10136778404514,0.96912765791336,0.143360407346487,0.0344077134986226,0,23,1,10,4,0.9,0.3,0.1,0.03,0.1,0.05,1,1
"209",0.971568205471387,0.10136778404514,0.971779550851323,0.120294238824801,0.033406795224977,0,21,1,10,4,1,0.3,0.1,0.03,0.1,0.05,1,1
"210",0.971568205471387,0.10136778404514,1.19716747510111,0.873318989303742,0.0648943985307622,0,9,2,10,5,0,0.3,0.1,0.03,0.1,0.05,1,1
"211",0.971568205471387,0.10136778404514,1.04090955315837,0.711664848840488,0.0637190082644628,0,9,2,10,5,0.1,0.3,0.1,0.03,0.1,0.05,1,1
"212",0.971568205471387,0.10136778404514,1.04826083598945,0.491416311222836,0.0607897153351699,0,12,1,10,5,0.2,0.3,0.1,0.03,0.1,0.05,1,1
"213",0.971568205471387,0.10136778404514,0.951787802036771,0.404766324818235,0.0578053259871442,0,11,1,10,5,0.3,0.3,0.1,0.03,0.1,0.05,1,1
"214",0.971568205471387,0.10136778404514,0.969240476880902,0.352305721409711,0.0520752984389348,0,12,1,10,5,0.4,0.3,0.1,0.03,0.1,0.05,1,1
"215",0.971568205471387,0.10136778404514,0.990381311469585,0.243065952582828,0.0467033976124885,0,16,1,10,5,0.5,0.3,0.1,0.03,0.1,0.05,1,1
"216",0.971568205471387,0.10136778404514,0.980523650340223,0.221981063540357,0.0424885215794307,0,17,1,10,5,0.6,0.3,0.1,0.03,0.1,0.05,1,1
"217",0.971568205471387,0.10136778404514,0.97142063273382,0.202244981596016,0.038099173553719,0,19,1,10,5,0.7,0.3,0.1,0.03,0.1,0.05,1,1
"218",0.971568205471387,0.10136778404514,0.972712063899278,0.125768487890462,0.0356473829201102,0,21,1,10,5,0.8,0.3,0.1,0.03,0.1,0.05,1,1
"219",0.971568205471387,0.10136778404514,0.972780008336884,0.133759741262591,0.0339669421487603,0,21,1,10,5,0.9,0.3,0.1,0.03,0.1,0.05,1,1
"220",0.971568205471387,0.10136778404514,0.971534219699058,0.137875264196907,0.0324885215794307,0,23,1,10,5,1,0.3,0.1,0.03,0.1,0.05,1,1
"221",1.00234189865259,0.0948943583872805,1.0676020515784,0.9037611491999,0.0647199265381084,0,9,1,13,1,0,0.3,0.1,0.03,0.1,0.05,1,1
"222",1.00234189865259,0.0948943583872805,1.08806454243449,0.676003466499762,0.0633241505968779,0,9,2,13,1,0.1,0.3,0.1,0.03,0.1,0.05,1,1
"223",1.00234189865259,0.0948943583872805,1.03741610478136,0.530297648283712,0.0606152433425161,0,10,1,13,1,0.2,0.3,0.1,0.03,0.1,0.05,1,1
"224",1.00234189865259,0.0948943583872805,1.01264132986043,0.379870440471189,0.0558953168044077,0,13,2,13,1,0.3,0.3,0.1,0.03,0.1,0.05,1,1
"225",1.00234189865259,0.0948943583872805,1.06451364311407,0.328937372878531,0.0528282828282828,0,13,1,13,1,0.4,0.3,0.1,0.03,0.1,0.05,1,1
"226",1.00234189865259,0.0948943583872805,0.996475411722184,0.288271080609831,0.0452708907254362,0,16,1,13,1,0.5,0.3,0.1,0.03,0.1,0.05,1,1
"227",1.00234189865259,0.0948943583872805,1.00591131619798,0.240571138659844,0.0425987144168962,0,16,2,13,1,0.6,0.3,0.1,0.03,0.1,0.05,1,1
"228",1.00234189865259,0.0948943583872805,1.00731194881035,0.182934430947042,0.0380716253443526,0,21,1,13,1,0.7,0.3,0.1,0.03,0.1,0.05,1,1
"229",1.00234189865259,0.0948943583872805,1.00398280321036,0.199524555773926,0.0358953168044077,0,21,1,13,1,0.8,0.3,0.1,0.03,0.1,0.05,1,1
"230",1.00234189865259,0.0948943583872805,1.00313776787308,0.102155221888217,0.0330762167125803,0,25,2,13,1,0.9,0.3,0.1,0.03,0.1,0.05,1,1
"231",1.00234189865259,0.0948943583872805,1.00317427993474,0.16940607054659,0.0331221303948577,0,20,1,13,1,1,0.3,0.1,0.03,0.1,0.05,1,1
"232",1.00234189865259,0.0948943583872805,1.12739232128688,0.890847130390941,0.0644444444444444,0,9,1.5,13,2,0,0.3,0.1,0.03,0.1,0.05,1,1
"233",1.00234189865259,0.0948943583872805,0.967342892296153,0.704865409230945,0.0611570247933884,0,10,1,13,2,0.1,0.3,0.1,0.03,0.1,0.05,1,1
"234",1.00234189865259,0.0948943583872805,1.08011812696224,0.533059436468018,0.0620936639118457,0,10,1,13,2,0.2,0.3,0.1,0.03,0.1,0.05,1,1
"235",1.00234189865259,0.0948943583872805,0.987999969506671,0.389426258791019,0.05544536271809,0,12,1,13,2,0.3,0.3,0.1,0.03,0.1,0.05,1,1
"236",1.00234189865259,0.0948943583872805,1.00394060507424,0.304120155051302,0.052791551882461,0,13,1,13,2,0.4,0.3,0.1,0.03,0.1,0.05,1,1
"237",1.00234189865259,0.0948943583872805,1.01803861558934,0.248581343863793,0.0467309458218549,0,15,2,13,2,0.5,0.3,0.1,0.03,0.1,0.05,1,1
"238",1.00234189865259,0.0948943583872805,1.00659289497797,0.22891715198066,0.0436455463728191,0,17,1,13,2,0.6,0.3,0.1,0.03,0.1,0.05,1,1
"239",1.00234189865259,0.0948943583872805,1.00670624827066,0.153070673816647,0.0373186409550046,0,20,1,13,2,0.7,0.3,0.1,0.03,0.1,0.05,1,1
"240",1.00234189865259,0.0948943583872805,1.01289192339123,0.148816070808628,0.035564738292011,0,20,1,13,2,0.8,0.3,0.1,0.03,0.1,0.05,1,1
"241",1.00234189865259,0.0948943583872805,1.00175536044311,0.122176823933944,0.0343709825528007,0,22,2,13,2,0.9,0.3,0.1,0.03,0.1,0.05,1,1
"242",1.00234189865259,0.0948943583872805,1.00063781836472,0.141625196991452,0.0336730945821855,0,21,1,13,2,1,0.3,0.1,0.03,0.1,0.05,1,1
"243",1.00234189865259,0.0948943583872805,1.19290132892422,0.949732726169155,0.065941230486685,0,9,1.5,13,3,0,0.3,0.1,0.03,0.1,0.05,1,1
"244",1.00234189865259,0.0948943583872805,0.9431267378997,0.696395980917358,0.0637190082644628,0,9,2,13,3,0.1,0.3,0.1,0.03,0.1,0.05,1,1
"245",1.00234189865259,0.0948943583872805,1.00697243023102,0.504065780062042,0.0597612488521579,0,10,2,13,3,0.2,0.3,0.1,0.03,0.1,0.05,1,1
"246",1.00234189865259,0.0948943583872805,0.980774692914455,0.40389658549942,0.0565013774104683,0,12,2,13,3,0.3,0.3,0.1,0.03,0.1,0.05,1,1
"247",1.00234189865259,0.0948943583872805,1.02905543837904,0.339000248140105,0.0532231404958678,0,12,2,13,3,0.4,0.3,0.1,0.03,0.1,0.05,1,1
"248",1.00234189865259,0.0948943583872805,0.998227962959842,0.267197360439226,0.0457575757575758,0,15,1,13,3,0.5,0.3,0.1,0.03,0.1,0.05,1,1
"249",1.00234189865259,0.0948943583872805,1.00644028049545,0.171795274278404,0.0415886134067952,0,18,2,13,3,0.6,0.3,0.1,0.03,0.1,0.05,1,1
"250",1.00234189865259,0.0948943583872805,1.00918387089448,0.177844498966405,0.0379430670339761,0,21,2,13,3,0.7,0.3,0.1,0.03,0.1,0.05,1,1
"251",1.00234189865259,0.0948943583872805,1.00424245210108,0.108587780179187,0.0359871441689623,0,22,2,13,3,0.8,0.3,0.1,0.03,0.1,0.05,1,1
"252",1.00234189865259,0.0948943583872805,1.00361998306334,0.109355334695667,0.033425160697888,0,21,1,13,3,0.9,0.3,0.1,0.03,0.1,0.05,1,1
"253",1.00234189865259,0.0948943583872805,1.000133448762,0.102150430175978,0.0328282828282828,0,23,2,13,3,1,0.3,0.1,0.03,0.1,0.05,1,1
"254",1.00234189865259,0.0948943583872805,1.05561990730196,0.92657159647863,0.0654637281910009,0,9,1,13,4,0,0.3,0.1,0.03,0.1,0.05,1,1
"255",1.00234189865259,0.0948943583872805,1.04781342123041,0.66421016235587,0.0637741046831956,0,10,2,13,4,0.1,0.3,0.1,0.03,0.1,0.05,1,1
"256",1.00234189865259,0.0948943583872805,1.07285416437994,0.513257566577902,0.0608815426997245,0,9,1,13,4,0.2,0.3,0.1,0.03,0.1,0.05,1,1
"257",1.00234189865259,0.0948943583872805,1.08301336368126,0.380920034351392,0.0565840220385675,0,11,1,13,4,0.3,0.3,0.1,0.03,0.1,0.05,1,1
"258",1.00234189865259,0.0948943583872805,0.994956838500075,0.305366952670001,0.0515151515151515,0,14,1,13,4,0.4,0.3,0.1,0.03,0.1,0.05,1,1
"259",1.00234189865259,0.0948943583872805,1.01215516337555,0.242983236931275,0.0462901744719927,0,15.5,1,13,4,0.5,0.3,0.1,0.03,0.1,0.05,1,1
"260",1.00234189865259,0.0948943583872805,1.01485573782529,0.238840220257849,0.0410284664830119,0,18,1,13,4,0.6,0.3,0.1,0.03,0.1,0.05,1,1
"261",1.00234189865259,0.0948943583872805,1.00318957642207,0.146519940867625,0.03633608815427,0,21,1,13,4,0.7,0.3,0.1,0.03,0.1,0.05,1,1
"262",1.00234189865259,0.0948943583872805,1.00289754356112,0.181376021336536,0.0367033976124885,0,21,1,13,4,0.8,0.3,0.1,0.03,0.1,0.05,1,1
"263",1.00234189865259,0.0948943583872805,1.00247158273294,0.132959272238759,0.0340495867768595,0,22,2,13,4,0.9,0.3,0.1,0.03,0.1,0.05,1,1
"264",1.00234189865259,0.0948943583872805,1.0033118900051,0.142609816650394,0.0322222222222222,0,23,1,13,4,1,0.3,0.1,0.03,0.1,0.05,1,1
"265",1.00234189865259,0.0948943583872805,1.1081827331618,0.8916308779017,0.0648760330578512,0,9,1,13,5,0,0.3,0.1,0.03,0.1,0.05,1,1
"266",1.00234189865259,0.0948943583872805,1.07891803778952,0.717044862234548,0.0628466483011938,0,10,2,13,5,0.1,0.3,0.1,0.03,0.1,0.05,1,1
"267",1.00234189865259,0.0948943583872805,1.06345859095591,0.501742423658213,0.0611019283746556,0,10,1,13,5,0.2,0.3,0.1,0.03,0.1,0.05,1,1
"268",1.00234189865259,0.0948943583872805,0.994888283465046,0.396602054201989,0.0576124885215794,0,12,1,13,5,0.3,0.3,0.1,0.03,0.1,0.05,1,1
"269",1.00234189865259,0.0948943583872805,1.0206447454094,0.327415065894755,0.0510192837465565,0,13,1,13,5,0.4,0.3,0.1,0.03,0.1,0.05,1,1
"270",1.00234189865259,0.0948943583872805,0.996127122066408,0.248247439306483,0.0466850321395776,0,15,1,13,5,0.5,0.3,0.1,0.03,0.1,0.05,1,1
"271",1.00234189865259,0.0948943583872805,1.00221886523884,0.207199733714795,0.042157943067034,0,18.5,2,13,5,0.6,0.3,0.1,0.03,0.1,0.05,1,1
"272",1.00234189865259,0.0948943583872805,1.009348682005,0.204169370308131,0.037842056932966,0,18,1,13,5,0.7,0.3,0.1,0.03,0.1,0.05,1,1
"273",1.00234189865259,0.0948943583872805,0.996315402724969,0.137714451480205,0.0353443526170799,0,21,1,13,5,0.8,0.3,0.1,0.03,0.1,0.05,1,1
"274",1.00234189865259,0.0948943583872805,1.00487071243775,0.128668447037795,0.0334343434343434,0,24,2,13,5,0.9,0.3,0.1,0.03,0.1,0.05,1,1
"275",1.00234189865259,0.0948943583872805,1.00363024843709,0.124602457810277,0.0328833792470156,0,23,2,13,5,1,0.3,0.1,0.03,0.1,0.05,1,1
"276",1.20610306919951,0.0961504756869789,1.39983857125504,0.951778534143713,0.0647842056932966,0,9,2,16,1,0,0.3,0.1,0.03,0.1,0.05,1,1
"277",1.20610306919951,0.0961504756869789,1.27257308897655,0.673426236131699,0.0637373737373737,0,10,1,16,1,0.1,0.3,0.1,0.03,0.1,0.05,1,1
"278",1.20610306919951,0.0961504756869789,1.17844643621675,0.535833331062077,0.0603397612488522,0,9,1,16,1,0.2,0.3,0.1,0.03,0.1,0.05,1,1
"279",1.20610306919951,0.0961504756869789,1.19525614043228,0.398214649880414,0.0570339761248852,0,11,2,16,1,0.3,0.3,0.1,0.03,0.1,0.05,1,1
"280",1.20610306919951,0.0961504756869789,1.19500797219375,0.316918828213337,0.0520661157024793,0,13,1,16,1,0.4,0.3,0.1,0.03,0.1,0.05,1,1
"281",1.20610306919951,0.0961504756869789,1.21804232231554,0.249287847612501,0.0458494031221304,0,16,1,16,1,0.5,0.3,0.1,0.03,0.1,0.05,1,1
"282",1.20610306919951,0.0961504756869789,1.21445910787103,0.171246651147028,0.0421212121212121,0,17.5,1,16,1,0.6,0.3,0.1,0.03,0.1,0.05,1,1
"283",1.20610306919951,0.0961504756869789,1.2059028589323,0.188289900521746,0.0373278236914601,0,20,2,16,1,0.7,0.3,0.1,0.03,0.1,0.05,1,1
"284",1.20610306919951,0.0961504756869789,1.21075950124415,0.167384295330684,0.0354820936639118,0,22,2,16,1,0.8,0.3,0.1,0.03,0.1,0.05,1,1
"285",1.20610306919951,0.0961504756869789,1.20231842233786,0.104149749703316,0.0355096418732782,0,21,1,16,1,0.9,0.3,0.1,0.03,0.1,0.05,1,1
"286",1.20610306919951,0.0961504756869789,1.20741367334397,0.156966821840113,0.0337190082644628,0,22,2,16,1,1,0.3,0.1,0.03,0.1,0.05,1,1
"287",1.20610306919951,0.0961504756869789,1.43365648398324,0.959163915686066,0.0675114784205693,0,9,1,16,2,0,0.3,0.1,0.03,0.1,0.05,1,1
"288",1.20610306919951,0.0961504756869789,1.24443247019409,0.681352411499485,0.0639026629935721,0,10,2,16,2,0.1,0.3,0.1,0.03,0.1,0.05,1,1
"289",1.20610306919951,0.0961504756869789,1.23856400183795,0.575602574489522,0.0614876033057851,0,10,2,16,2,0.2,0.3,0.1,0.03,0.1,0.05,1,1
"290",1.20610306919951,0.0961504756869789,1.18432424347796,0.419979460705269,0.0584848484848485,0,12,1,16,2,0.3,0.3,0.1,0.03,0.1,0.05,1,1
"291",1.20610306919951,0.0961504756869789,1.20786998437332,0.299670611977429,0.0525436179981634,0,13,1,16,2,0.4,0.3,0.1,0.03,0.1,0.05,1,1
"292",1.20610306919951,0.0961504756869789,1.19927093736789,0.298659639750237,0.0471166207529844,0,16,1,16,2,0.5,0.3,0.1,0.03,0.1,0.05,1,1
"293",1.20610306919951,0.0961504756869789,1.21899791308792,0.193390675805116,0.0414967860422406,0,19,1,16,2,0.6,0.3,0.1,0.03,0.1,0.05,1,1
"294",1.20610306919951,0.0961504756869789,1.21147989017074,0.173058762996043,0.0379522497704316,0,19,1,16,2,0.7,0.3,0.1,0.03,0.1,0.05,1,1
"295",1.20610306919951,0.0961504756869789,1.20382528208618,0.171477350311734,0.0357943067033976,0,19,1,16,2,0.8,0.3,0.1,0.03,0.1,0.05,1,1
"296",1.20610306919951,0.0961504756869789,1.21054886628678,0.129757256938251,0.0342240587695133,0,21,1,16,2,0.9,0.3,0.1,0.03,0.1,0.05,1,1
"297",1.20610306919951,0.0961504756869789,1.20807377172661,0.0972909912176589,0.0327456382001837,0,22,1,16,2,1,0.3,0.1,0.03,0.1,0.05,1,1
"298",1.20610306919951,0.0961504756869789,1.36354307952917,0.941472752072656,0.0641414141414141,0,9,2,16,3,0,0.3,0.1,0.03,0.1,0.05,1,1
"299",1.20610306919951,0.0961504756869789,1.26613303417019,0.710146449459875,0.063030303030303,0,9,2,16,3,0.1,0.3,0.1,0.03,0.1,0.05,1,1
"300",1.20610306919951,0.0961504756869789,1.26728075566249,0.538425403079177,0.0611662075298439,0,10,1,16,3,0.2,0.3,0.1,0.03,0.1,0.05,1,1
"301",1.20610306919951,0.0961504756869789,1.24521121052429,0.410623336866545,0.056574839302112,0,11,2,16,3,0.3,0.3,0.1,0.03,0.1,0.05,1,1
"302",1.20610306919951,0.0961504756869789,1.2421638734046,0.30663693958937,0.0497979797979798,0,15,1,16,3,0.4,0.3,0.1,0.03,0.1,0.05,1,1
"303",1.20610306919951,0.0961504756869789,1.20216151865271,0.246672080734778,0.0475390266299357,0,16,1,16,3,0.5,0.3,0.1,0.03,0.1,0.05,1,1
"304",1.20610306919951,0.0961504756869789,1.21909714040044,0.229569845518888,0.0429752066115702,0,19,2,16,3,0.6,0.3,0.1,0.03,0.1,0.05,1,1
"305",1.20610306919951,0.0961504756869789,1.20869391397438,0.152566346722276,0.0383287419651056,0,20,1,16,3,0.7,0.3,0.1,0.03,0.1,0.05,1,1
"306",1.20610306919951,0.0961504756869789,1.20487985621678,0.14394512735724,0.0352433425160698,0,20.5,1,16,3,0.8,0.3,0.1,0.03,0.1,0.05,1,1
"307",1.20610306919951,0.0961504756869789,1.20556438549122,0.112811460964532,0.0343250688705234,0,21,1,16,3,0.9,0.3,0.1,0.03,0.1,0.05,1,1
"308",1.20610306919951,0.0961504756869789,1.20691612959056,0.125168242702667,0.0331772268135904,0,24,1,16,3,1,0.3,0.1,0.03,0.1,0.05,1,1
"309",1.20610306919951,0.0961504756869789,1.29391642821232,1.01063995325477,0.0640771349862259,0,9,1,16,4,0,0.3,0.1,0.03,0.1,0.05,1,1
"310",1.20610306919951,0.0961504756869789,1.28517948264025,0.72576979289812,0.0622222222222222,0,9.5,1,16,4,0.1,0.3,0.1,0.03,0.1,0.05,1,1
"311",1.20610306919951,0.0961504756869789,1.26929818193714,0.510223608276399,0.0611937557392103,0,11,2,16,4,0.2,0.3,0.1,0.03,0.1,0.05,1,1
"312",1.20610306919951,0.0961504756869789,1.22643685486775,0.428351358661176,0.0569880624426079,0,11.5,1,16,4,0.3,0.3,0.1,0.03,0.1,0.05,1,1
"313",1.20610306919951,0.0961504756869789,1.16582269269696,0.310853673776584,0.0512304866850321,0,14,1,16,4,0.4,0.3,0.1,0.03,0.1,0.05,1,1
"314",1.20610306919951,0.0961504756869789,1.20534832031854,0.25861047137359,0.0457208448117539,0,16,1,16,4,0.5,0.3,0.1,0.03,0.1,0.05,1,1
"315",1.20610306919951,0.0961504756869789,1.21128431922067,0.188892659744725,0.0419651056014692,0,18,1,16,4,0.6,0.3,0.1,0.03,0.1,0.05,1,1
"316",1.20610306919951,0.0961504756869789,1.20402344510579,0.161521302004396,0.0376584022038568,0,22,1.5,16,4,0.7,0.3,0.1,0.03,0.1,0.05,1,1
"317",1.20610306919951,0.0961504756869789,1.20588609457597,0.163452808235624,0.0344077134986226,0,22,2,16,4,0.8,0.3,0.1,0.03,0.1,0.05,1,1
"318",1.20610306919951,0.0961504756869789,1.20841160027216,0.141689455229514,0.0347015610651974,0,21,2,16,4,0.9,0.3,0.1,0.03,0.1,0.05,1,1
"319",1.20610306919951,0.0961504756869789,1.20632608730523,0.093721848447391,0.033168044077135,0,25,1,16,4,1,0.3,0.1,0.03,0.1,0.05,1,1
"320",1.20610306919951,0.0961504756869789,1.57459188923369,0.950642870667604,0.0664370982552801,0,9,1,16,5,0,0.3,0.1,0.03,0.1,0.05,1,1
"321",1.20610306919951,0.0961504756869789,1.23302732526507,0.692547935626125,0.0635537190082645,0,9,2,16,5,0.1,0.3,0.1,0.03,0.1,0.05,1,1
"322",1.20610306919951,0.0961504756869789,1.25475967322952,0.486516174008917,0.0606611570247934,0,11,2,16,5,0.2,0.3,0.1,0.03,0.1,0.05,1,1
"323",1.20610306919951,0.0961504756869789,1.24842591811934,0.42502665154594,0.0561799816345271,0,12,1,16,5,0.3,0.3,0.1,0.03,0.1,0.05,1,1
"324",1.20610306919951,0.0961504756869789,1.18131777713573,0.290930883694517,0.0527823691460055,0,13,1,16,5,0.4,0.3,0.1,0.03,0.1,0.05,1,1
"325",1.20610306919951,0.0961504756869789,1.20815435125297,0.248155516568148,0.0470982552800735,0,15,1,16,5,0.5,0.3,0.1,0.03,0.1,0.05,1,1
"326",1.20610306919951,0.0961504756869789,1.21817379956538,0.219103954502364,0.0415518824609734,0,19,1,16,5,0.6,0.3,0.1,0.03,0.1,0.05,1,1
"327",1.20610306919951,0.0961504756869789,1.20591798370174,0.172431970165855,0.0383379247015611,0,20,1,16,5,0.7,0.3,0.1,0.03,0.1,0.05,1,1
"328",1.20610306919951,0.0961504756869789,1.2060001701526,0.127738443568261,0.0353443526170799,0,23,1,16,5,0.8,0.3,0.1,0.03,0.1,0.05,1,1
"329",1.20610306919951,0.0961504756869789,1.20822473764958,0.162310679846055,0.0341873278236915,0,20,1,16,5,0.9,0.3,0.1,0.03,0.1,0.05,1,1
"330",1.20610306919951,0.0961504756869789,1.20663694058289,0.141104601233568,0.0336088154269972,0,23,1,16,5,1,0.3,0.1,0.03,0.1,0.05,1,1
"331",0.823465088503351,0.097786677964375,0.798063998181813,0.921229164512414,0.0662075298438935,0,8,2,19,1,0,0.3,0.1,0.03,0.1,0.05,1,1
"332",0.823465088503351,0.097786677964375,1.01295457673125,0.672751222333052,0.0652066115702479,0,10,1,19,1,0.1,0.3,0.1,0.03,0.1,0.05,1,1
"333",0.823465088503351,0.097786677964375,0.887042802626074,0.512124386271722,0.0611202938475666,0,10,2,19,1,0.2,0.3,0.1,0.03,0.1,0.05,1,1
"334",0.823465088503351,0.097786677964375,0.816792222728281,0.398044005107878,0.0573737373737374,0,11.5,1,19,1,0.3,0.3,0.1,0.03,0.1,0.05,1,1
"335",0.823465088503351,0.097786677964375,0.816207961553489,0.287194278029236,0.0510927456382002,0,15,1,19,1,0.4,0.3,0.1,0.03,0.1,0.05,1,1
"336",0.823465088503351,0.097786677964375,0.82588381144251,0.270099782281937,0.0463269054178145,0,17,2,19,1,0.5,0.3,0.1,0.03,0.1,0.05,1,1
"337",0.823465088503351,0.097786677964375,0.814804133753511,0.219752951692543,0.0421946740128558,0,18,1,19,1,0.6,0.3,0.1,0.03,0.1,0.05,1,1
"338",0.823465088503351,0.097786677964375,0.820937022426937,0.203354246571319,0.0377043158861341,0,20.5,1,19,1,0.7,0.3,0.1,0.03,0.1,0.05,1,1
"339",0.823465088503351,0.097786677964375,0.823891150895624,0.140812117987181,0.0351147842056933,0,22,1,19,1,0.8,0.3,0.1,0.03,0.1,0.05,1,1
"340",0.823465088503351,0.097786677964375,0.823151195718036,0.135825849352399,0.0339393939393939,0,22,1,19,1,0.9,0.3,0.1,0.03,0.1,0.05,1,1
"341",0.823465088503351,0.097786677964375,0.824625599230667,0.1169849664236,0.0333149678604224,0,21,1,19,1,1,0.3,0.1,0.03,0.1,0.05,1,1
"342",0.823465088503351,0.097786677964375,0.921748652095714,0.925999445997397,0.0664003673094582,0,9,2,19,2,0,0.3,0.1,0.03,0.1,0.05,1,1
"343",0.823465088503351,0.097786677964375,0.886758793606213,0.693170846731312,0.0640128558310376,0,9,2,19,2,0.1,0.3,0.1,0.03,0.1,0.05,1,1
"344",0.823465088503351,0.097786677964375,0.86112712895953,0.546574017696441,0.0624426078971534,0,10,1,19,2,0.2,0.3,0.1,0.03,0.1,0.05,1,1
"345",0.823465088503351,0.097786677964375,0.850988190169327,0.408363339831337,0.0564646464646465,0,12,2,19,2,0.3,0.3,0.1,0.03,0.1,0.05,1,1
"346",0.823465088503351,0.097786677964375,0.841526947995603,0.319806459679311,0.0509825528007346,0,13,1,19,2,0.4,0.3,0.1,0.03,0.1,0.05,1,1
"347",0.823465088503351,0.097786677964375,0.842843785330466,0.255808357678132,0.0459871441689624,0,16,1,19,2,0.5,0.3,0.1,0.03,0.1,0.05,1,1
"348",0.823465088503351,0.097786677964375,0.855021002353177,0.161644517981285,0.0425895316804408,0,19,1,19,2,0.6,0.3,0.1,0.03,0.1,0.05,1,1
"349",0.823465088503351,0.097786677964375,0.828526462285447,0.175417148057934,0.0388888888888889,0,19.5,1,19,2,0.7,0.3,0.1,0.03,0.1,0.05,1,1
"350",0.823465088503351,0.097786677964375,0.824209486210557,0.133221572576416,0.0354637281910009,0,22.5,1,19,2,0.8,0.3,0.1,0.03,0.1,0.05,1,1
"351",0.823465088503351,0.097786677964375,0.821874191719856,0.135816136434359,0.0339118457300275,0,24,2,19,2,0.9,0.3,0.1,0.03,0.1,0.05,1,1
"352",0.823465088503351,0.097786677964375,0.823818422524472,0.151251908099983,0.03366391184573,0,23,1,19,2,1,0.3,0.1,0.03,0.1,0.05,1,1
"353",0.823465088503351,0.097786677964375,1.0985905797723,0.903011160068501,0.0654269972451791,0,9,2,19,3,0,0.3,0.1,0.03,0.1,0.05,1,1
"354",0.823465088503351,0.097786677964375,0.881162211579946,0.666811662737457,0.0620477502295684,0,11,1,19,3,0.1,0.3,0.1,0.03,0.1,0.05,1,1
"355",0.823465088503351,0.097786677964375,0.840304209932354,0.54451082898783,0.0611386593204775,0,11,2,19,3,0.2,0.3,0.1,0.03,0.1,0.05,1,1
"356",0.823465088503351,0.097786677964375,0.866908028631793,0.421995270586064,0.0557208448117539,0,12,2,19,3,0.3,0.3,0.1,0.03,0.1,0.05,1,1
"357",0.823465088503351,0.097786677964375,0.785350539199593,0.308380783573462,0.0526629935720845,0,13,2,19,3,0.4,0.3,0.1,0.03,0.1,0.05,1,1
"358",0.823465088503351,0.097786677964375,0.841337418512835,0.264169391912724,0.0446648301193756,0,16,1,19,3,0.5,0.3,0.1,0.03,0.1,0.05,1,1
"359",0.823465088503351,0.097786677964375,0.811073264493025,0.182783731070452,0.0416804407713499,0,19,1,19,3,0.6,0.3,0.1,0.03,0.1,0.05,1,1
"360",0.823465088503351,0.097786677964375,0.829792045824559,0.202737625618149,0.0381175390266299,0,20,1,19,3,0.7,0.3,0.1,0.03,0.1,0.05,1,1
"361",0.823465088503351,0.097786677964375,0.81888827697354,0.180514041981007,0.0360881542699725,0,20,1,19,3,0.8,0.3,0.1,0.03,0.1,0.05,1,1
"362",0.823465088503351,0.097786677964375,0.820738004995594,0.184524476075211,0.0335996326905418,0,21,1,19,3,0.9,0.3,0.1,0.03,0.1,0.05,1,1
"363",0.823465088503351,0.097786677964375,0.823158867136344,0.139124595519987,0.0331221303948577,0,22,2,19,3,1,0.3,0.1,0.03,0.1,0.05,1,1
"364",0.823465088503351,0.097786677964375,0.809606668699227,0.971712615853132,0.0657392102846648,0,9,2,19,4,0,0.3,0.1,0.03,0.1,0.05,1,1
"365",0.823465088503351,0.097786677964375,0.866052495645085,0.673236317707493,0.0646280991735537,0,10,1,19,4,0.1,0.3,0.1,0.03,0.1,0.05,1,1
"366",0.823465088503351,0.097786677964375,0.882690036494388,0.555240723838839,0.060514233241506,0,11,1,19,4,0.2,0.3,0.1,0.03,0.1,0.05,1,1
"367",0.823465088503351,0.097786677964375,0.850375827690587,0.41676176533016,0.0580532598714417,0,11,1.5,19,4,0.3,0.3,0.1,0.03,0.1,0.05,1,1
"368",0.823465088503351,0.097786677964375,0.821751778053484,0.320698605743029,0.0528741965105601,0,14,1,19,4,0.4,0.3,0.1,0.03,0.1,0.05,1,1
"369",0.823465088503351,0.097786677964375,0.839679435816341,0.237156392641315,0.0465289256198347,0,16,1,19,4,0.5,0.3,0.1,0.03,0.1,0.05,1,1
"370",0.823465088503351,0.097786677964375,0.831011877517088,0.21781608312204,0.0423783287419651,0,17.5,1,19,4,0.6,0.3,0.1,0.03,0.1,0.05,1,1
"371",0.823465088503351,0.097786677964375,0.816464952747099,0.163163437168305,0.0373737373737374,0,19,1,19,4,0.7,0.3,0.1,0.03,0.1,0.05,1,1
"372",0.823465088503351,0.097786677964375,0.820025660810909,0.141995706420721,0.0350505050505051,0,22,1,19,4,0.8,0.3,0.1,0.03,0.1,0.05,1,1
"373",0.823465088503351,0.097786677964375,0.823816564462842,0.0910005971847067,0.034931129476584,0,24,1,19,4,0.9,0.3,0.1,0.03,0.1,0.05,1,1
"374",0.823465088503351,0.097786677964375,0.824775373765247,0.0792022501721692,0.0336547291092746,0,21,2,19,4,1,0.3,0.1,0.03,0.1,0.05,1,1
"375",0.823465088503351,0.097786677964375,1.0575992849722,0.913571402875974,0.0640863177226814,0,9,2,19,5,0,0.3,0.1,0.03,0.1,0.05,1,1
"376",0.823465088503351,0.097786677964375,0.905424429639655,0.679771224514942,0.0618640955004591,0,10,1,19,5,0.1,0.3,0.1,0.03,0.1,0.05,1,1
"377",0.823465088503351,0.097786677964375,0.848485512875353,0.517062889700587,0.0613590449954086,0,11,1,19,5,0.2,0.3,0.1,0.03,0.1,0.05,1,1
"378",0.823465088503351,0.097786677964375,0.814992658862727,0.424228554820012,0.0572543617998163,0,11,2,19,5,0.3,0.3,0.1,0.03,0.1,0.05,1,1
"379",0.823465088503351,0.097786677964375,0.794980688976509,0.330405363302223,0.0528466483011938,0,13,1,19,5,0.4,0.3,0.1,0.03,0.1,0.05,1,1
"380",0.823465088503351,0.097786677964375,0.827432555317019,0.237897029729831,0.046593204775023,0,16,2,19,5,0.5,0.3,0.1,0.03,0.1,0.05,1,1
"381",0.823465088503351,0.097786677964375,0.813125320483061,0.190228266136933,0.0421671258034894,0,20,1,19,5,0.6,0.3,0.1,0.03,0.1,0.05,1,1
"382",0.823465088503351,0.097786677964375,0.833872136275853,0.192473035082015,0.0375298438934803,0,20,1,19,5,0.7,0.3,0.1,0.03,0.1,0.05,1,1
"383",0.823465088503351,0.097786677964375,0.819524847296854,0.213671341237312,0.0364279155188246,0,21,2,19,5,0.8,0.3,0.1,0.03,0.1,0.05,1,1
"384",0.823465088503351,0.097786677964375,0.824594530085274,0.137898670033579,0.0346464646464646,0,23,2,19,5,0.9,0.3,0.1,0.03,0.1,0.05,1,1
"385",0.823465088503351,0.097786677964375,0.822280341387629,0.130195793317575,0.0333700642791552,0,21,1,19,5,1,0.3,0.1,0.03,0.1,0.05,1,1
"386",0.964259865481148,0.100284105483164,1.35180525951951,0.923122929844818,0.0654912764003673,0,9,2,22,1,0,0.3,0.1,0.03,0.1,0.05,1,1
"387",0.964259865481148,0.100284105483164,1.02012867001419,0.710993057619138,0.0628099173553719,0,9.5,2,22,1,0.1,0.3,0.1,0.03,0.1,0.05,1,1
"388",0.964259865481148,0.100284105483164,0.945078321710381,0.52459630859734,0.0613039485766758,0,10,2,22,1,0.2,0.3,0.1,0.03,0.1,0.05,1,1
"389",0.964259865481148,0.100284105483164,0.968067421997043,0.414618604077588,0.057979797979798,0,12,2,22,1,0.3,0.3,0.1,0.03,0.1,0.05,1,1
"390",0.964259865481148,0.100284105483164,0.956451659828026,0.309218308958001,0.0528833792470156,0,14,2,22,1,0.4,0.3,0.1,0.03,0.1,0.05,1,1
"391",0.964259865481148,0.100284105483164,0.986576769473272,0.258611693367257,0.0472176308539945,0,16,1,22,1,0.5,0.3,0.1,0.03,0.1,0.05,1,1
"392",0.964259865481148,0.100284105483164,0.973409896614127,0.234059340958459,0.0417906336088154,0,18,1,22,1,0.6,0.3,0.1,0.03,0.1,0.05,1,1
"393",0.964259865481148,0.100284105483164,0.970485282172414,0.135964125393106,0.0382920110192837,0,20,1,22,1,0.7,0.3,0.1,0.03,0.1,0.05,1,1
"394",0.964259865481148,0.100284105483164,0.96278040142763,0.13180289228537,0.0351331496786042,0,21,2,22,1,0.8,0.3,0.1,0.03,0.1,0.05,1,1
"395",0.964259865481148,0.100284105483164,0.967057327925504,0.0974275824596441,0.0343893480257117,0,22,2,22,1,0.9,0.3,0.1,0.03,0.1,0.05,1,1
"396",0.964259865481148,0.100284105483164,0.964304939405967,0.0671009231622664,0.0331313131313131,0,20,1,22,1,1,0.3,0.1,0.03,0.1,0.05,1,1
"397",0.964259865481148,0.100284105483164,1.09796573578911,0.873629521962328,0.0644995408631772,0,9,2,22,2,0,0.3,0.1,0.03,0.1,0.05,1,1
"398",0.964259865481148,0.100284105483164,1.10490141606685,0.728684715609615,0.0633516988062443,0,9,1,22,2,0.1,0.3,0.1,0.03,0.1,0.05,1,1
"399",0.964259865481148,0.100284105483164,0.986310585104454,0.551490425782064,0.0608264462809917,0,10,2,22,2,0.2,0.3,0.1,0.03,0.1,0.05,1,1
"400",0.964259865481148,0.100284105483164,1.01131852830443,0.400419654881416,0.0571074380165289,0,12,1,22,2,0.3,0.3,0.1,0.03,0.1,0.05,1,1
"401",0.964259865481148,0.100284105483164,0.988161772335456,0.314651555208434,0.0526078971533517,0,12.5,1,22,2,0.4,0.3,0.1,0.03,0.1,0.05,1,1
"402",0.964259865481148,0.100284105483164,0.953309490774938,0.285083211078673,0.0471808999081726,0,15,1,22,2,0.5,0.3,0.1,0.03,0.1,0.05,1,1
"403",0.964259865481148,0.100284105483164,0.967565407340788,0.209088402582448,0.0418089990817264,0,18,1,22,2,0.6,0.3,0.1,0.03,0.1,0.05,1,1
"404",0.964259865481148,0.100284105483164,0.967220236434582,0.201601999236234,0.036969696969697,0,22,1,22,2,0.7,0.3,0.1,0.03,0.1,0.05,1,1
"405",0.964259865481148,0.100284105483164,0.963405514360022,0.124535451368728,0.0347566574839302,0,22,1,22,2,0.8,0.3,0.1,0.03,0.1,0.05,1,1
"406",0.964259865481148,0.100284105483164,0.968495381957879,0.130735975608561,0.0341597796143251,0,21.5,2,22,2,0.9,0.3,0.1,0.03,0.1,0.05,1,1
"407",0.964259865481148,0.100284105483164,0.964653148478173,0.122999372868223,0.0331037649219467,0,23,1,22,2,1,0.3,0.1,0.03,0.1,0.05,1,1
"408",0.964259865481148,0.100284105483164,1.19100764754795,0.920667199255726,0.0662901744719927,0,9,1,22,3,0,0.3,0.1,0.03,0.1,0.05,1,1
"409",0.964259865481148,0.100284105483164,0.944099828137411,0.711877139785108,0.0619559228650138,0,10,2,22,3,0.1,0.3,0.1,0.03,0.1,0.05,1,1
"410",0.964259865481148,0.100284105483164,0.944849546322303,0.527190355345861,0.0592561983471074,0,11,1,22,3,0.2,0.3,0.1,0.03,0.1,0.05,1,1
"411",0.964259865481148,0.100284105483164,0.949268741518997,0.417039827655126,0.0577685950413223,0,11,1,22,3,0.3,0.3,0.1,0.03,0.1,0.05,1,1
"412",0.964259865481148,0.100284105483164,0.959611715264815,0.349516306457204,0.052020202020202,0,13,1,22,3,0.4,0.3,0.1,0.03,0.1,0.05,1,1
"413",0.964259865481148,0.100284105483164,0.961671230094298,0.237215839944027,0.0471808999081726,0,14,1,22,3,0.5,0.3,0.1,0.03,0.1,0.05,1,1
"414",0.964259865481148,0.100284105483164,0.980364864286245,0.200732584157996,0.0424058769513315,0,17,1,22,3,0.6,0.3,0.1,0.03,0.1,0.05,1,1
"415",0.964259865481148,0.100284105483164,0.96637132938327,0.18699315538484,0.0384389348025712,0,20,1,22,3,0.7,0.3,0.1,0.03,0.1,0.05,1,1
"416",0.964259865481148,0.100284105483164,0.964688748702741,0.132184401226249,0.0351974288337925,0,23,1,22,3,0.8,0.3,0.1,0.03,0.1,0.05,1,1
"417",0.964259865481148,0.100284105483164,0.964557858177103,0.117174044305514,0.033801652892562,0,23,1,22,3,0.9,0.3,0.1,0.03,0.1,0.05,1,1
"418",0.964259865481148,0.100284105483164,0.963954787933652,0.0977747813766985,0.0336363636363636,0,21,2,22,3,1,0.3,0.1,0.03,0.1,0.05,1,1
"419",0.964259865481148,0.100284105483164,1.03916261514145,0.936879445952131,0.0654086317722681,0,9,2,22,4,0,0.3,0.1,0.03,0.1,0.05,1,1
"420",0.964259865481148,0.100284105483164,0.994246631157815,0.684220655265755,0.0637465564738292,0,11,1,22,4,0.1,0.3,0.1,0.03,0.1,0.05,1,1
"421",0.964259865481148,0.100284105483164,0.97103697407445,0.524635087666934,0.0619100091827365,0,11,1,22,4,0.2,0.3,0.1,0.03,0.1,0.05,1,1
"422",0.964259865481148,0.100284105483164,0.950480103489623,0.385311349713257,0.0571441689623508,0,11,1,22,4,0.3,0.3,0.1,0.03,0.1,0.05,1,1
"423",0.964259865481148,0.100284105483164,0.97244365424553,0.368566619181689,0.0517539026629936,0,13.5,1,22,4,0.4,0.3,0.1,0.03,0.1,0.05,1,1
"424",0.964259865481148,0.100284105483164,0.95409020765575,0.237973373202796,0.0466666666666667,0,16,1,22,4,0.5,0.3,0.1,0.03,0.1,0.05,1,1
"425",0.964259865481148,0.100284105483164,0.961038729778761,0.216413558527633,0.0424334251606979,0,18,1,22,4,0.6,0.3,0.1,0.03,0.1,0.05,1,1
"426",0.964259865481148,0.100284105483164,0.972876590707159,0.156501570125577,0.0384389348025712,0,18,1,22,4,0.7,0.3,0.1,0.03,0.1,0.05,1,1
"427",0.964259865481148,0.100284105483164,0.968435073959122,0.0975140087622597,0.0353719008264463,0,22,1,22,4,0.8,0.3,0.1,0.03,0.1,0.05,1,1
"428",0.964259865481148,0.100284105483164,0.961645188199888,0.113680943437403,0.0335629017447199,0,22,2,22,4,0.9,0.3,0.1,0.03,0.1,0.05,1,1
"429",0.964259865481148,0.100284105483164,0.964649912939579,0.161752026679567,0.0333792470156107,0,22,2,22,4,1,0.3,0.1,0.03,0.1,0.05,1,1
"430",0.964259865481148,0.100284105483164,1.00193313902584,0.962745841504403,0.0656382001836547,0,9,1,22,5,0,0.3,0.1,0.03,0.1,0.05,1,1
"431",0.964259865481148,0.100284105483164,1.02394233745314,0.708631534613525,0.0644536271808999,0,10,1,22,5,0.1,0.3,0.1,0.03,0.1,0.05,1,1
"432",0.964259865481148,0.100284105483164,1.03402999093041,0.54332806481137,0.0616620752984389,0,10,2,22,5,0.2,0.3,0.1,0.03,0.1,0.05,1,1
"433",0.964259865481148,0.100284105483164,0.964524785552525,0.436881331105259,0.0580073461891644,0,11,1.5,22,5,0.3,0.3,0.1,0.03,0.1,0.05,1,1
"434",0.964259865481148,0.100284105483164,0.961348296870107,0.334137522922695,0.0520569329660239,0,13,2,22,5,0.4,0.3,0.1,0.03,0.1,0.05,1,1
"435",0.964259865481148,0.100284105483164,0.973282845046057,0.235626441804638,0.0453168044077135,0,16,1,22,5,0.5,0.3,0.1,0.03,0.1,0.05,1,1
"436",0.964259865481148,0.100284105483164,0.957085479468573,0.18822783821068,0.0419100091827365,0,18,1,22,5,0.6,0.3,0.1,0.03,0.1,0.05,1,1
"437",0.964259865481148,0.100284105483164,0.968309852225159,0.168078236800962,0.0382736455463728,0,20,1,22,5,0.7,0.3,0.1,0.03,0.1,0.05,1,1
"438",0.964259865481148,0.100284105483164,0.96659204013741,0.170221378676028,0.0354637281910009,0,21,2,22,5,0.8,0.3,0.1,0.03,0.1,0.05,1,1
"439",0.964259865481148,0.100284105483164,0.967065705332516,0.131111511090825,0.0350137741046832,0,23,1,22,5,0.9,0.3,0.1,0.03,0.1,0.05,1,1
"440",0.964259865481148,0.100284105483164,0.966360129818663,0.142924265909494,0.0332047750229568,0,23,1,22,5,1,0.3,0.1,0.03,0.1,0.05,1,1
"441",1.16003132082187,0.0980712586872069,1.27164955612073,0.968588870018709,0.0653719008264463,0,9,1,25,1,0,0.3,0.1,0.03,0.1,0.05,1,1
"442",1.16003132082187,0.0980712586872069,1.2800772301741,0.72754187170583,0.0643342516069789,0,10,1,25,1,0.1,0.3,0.1,0.03,0.1,0.05,1,1
"443",1.16003132082187,0.0980712586872069,1.16859901613055,0.530336318808058,0.0606978879706152,0,10,1,25,1,0.2,0.3,0.1,0.03,0.1,0.05,1,1
"444",1.16003132082187,0.0980712586872069,1.1897895598429,0.403458278957208,0.0576767676767677,0,11,1,25,1,0.3,0.3,0.1,0.03,0.1,0.05,1,1
"445",1.16003132082187,0.0980712586872069,1.1954362765204,0.309382681520004,0.0517079889807163,0,13.5,1,25,1,0.4,0.3,0.1,0.03,0.1,0.05,1,1
"446",1.16003132082187,0.0980712586872069,1.18505900517344,0.260822680973061,0.0466942148760331,0,16,1,25,1,0.5,0.3,0.1,0.03,0.1,0.05,1,1
"447",1.16003132082187,0.0980712586872069,1.17204067907896,0.222496198782805,0.0414416896235078,0,19,1,25,1,0.6,0.3,0.1,0.03,0.1,0.05,1,1
"448",1.16003132082187,0.0980712586872069,1.16613502591171,0.190683702702399,0.0377502295684114,0,19,1,25,1,0.7,0.3,0.1,0.03,0.1,0.05,1,1
"449",1.16003132082187,0.0980712586872069,1.16580403720894,0.158482680950457,0.0354178145087236,0,23,1,25,1,0.8,0.3,0.1,0.03,0.1,0.05,1,1
"450",1.16003132082187,0.0980712586872069,1.15893425946831,0.109912281466786,0.0342791551882461,0,22,1,25,1,0.9,0.3,0.1,0.03,0.1,0.05,1,1
"451",1.16003132082187,0.0980712586872069,1.16134987695074,0.144874810266905,0.0326905417814509,0,22,1,25,1,1,0.3,0.1,0.03,0.1,0.05,1,1
"452",1.16003132082187,0.0980712586872069,1.30609666181053,0.94955327723764,0.064058769513315,0,10,2,25,2,0,0.3,0.1,0.03,0.1,0.05,1,1
"453",1.16003132082187,0.0980712586872069,1.31065372210333,0.731858214784957,0.0640679522497704,0,9,2,25,2,0.1,0.3,0.1,0.03,0.1,0.05,1,1
"454",1.16003132082187,0.0980712586872069,1.20082596426401,0.526229168442918,0.0587695133149679,0,11,1,25,2,0.2,0.3,0.1,0.03,0.1,0.05,1,1
"455",1.16003132082187,0.0980712586872069,1.1606350308275,0.422437008129083,0.0584664830119376,0,11,2,25,2,0.3,0.3,0.1,0.03,0.1,0.05,1,1
"456",1.16003132082187,0.0980712586872069,1.16425871150481,0.357543849712431,0.0524885215794307,0,12.5,1,25,2,0.4,0.3,0.1,0.03,0.1,0.05,1,1
"457",1.16003132082187,0.0980712586872069,1.15912896229967,0.231203016055543,0.0474839302112029,0,16,1,25,2,0.5,0.3,0.1,0.03,0.1,0.05,1,1
"458",1.16003132082187,0.0980712586872069,1.1779419256053,0.220496655549402,0.0412855831037649,0,20,1,25,2,0.6,0.3,0.1,0.03,0.1,0.05,1,1
"459",1.16003132082187,0.0980712586872069,1.1592366799138,0.20637335521895,0.0379706152433425,0,18,1,25,2,0.7,0.3,0.1,0.03,0.1,0.05,1,1
"460",1.16003132082187,0.0980712586872069,1.15676907664868,0.138541389281223,0.0351239669421488,0,21,1,25,2,0.8,0.3,0.1,0.03,0.1,0.05,1,1
"461",1.16003132082187,0.0980712586872069,1.16169425710302,0.193103611353135,0.0336179981634527,0,22,2,25,2,0.9,0.3,0.1,0.03,0.1,0.05,1,1
"462",1.16003132082187,0.0980712586872069,1.161280063998,0.0790557343155175,0.0328099173553719,0,21,1,25,2,1,0.3,0.1,0.03,0.1,0.05,1,1
"463",1.16003132082187,0.0980712586872069,1.28946096352086,0.938819685743081,0.0652157943067034,0,10,1,25,3,0,0.3,0.1,0.03,0.1,0.05,1,1
"464",1.16003132082187,0.0980712586872069,1.23194206557556,0.722425935404765,0.0645179063360882,0,10,1,25,3,0.1,0.3,0.1,0.03,0.1,0.05,1,1
"465",1.16003132082187,0.0980712586872069,1.30518562530396,0.524855895927359,0.0607621671258035,0,10,1,25,3,0.2,0.3,0.1,0.03,0.1,0.05,1,1
"466",1.16003132082187,0.0980712586872069,1.1441833073645,0.394327857674734,0.0554178145087236,0,12,1,25,3,0.3,0.3,0.1,0.03,0.1,0.05,1,1
"467",1.16003132082187,0.0980712586872069,1.15323833814027,0.327682604028626,0.0532047750229568,0,13,1,25,3,0.4,0.3,0.1,0.03,0.1,0.05,1,1
"468",1.16003132082187,0.0980712586872069,1.17678065277667,0.254474391556094,0.0481818181818182,0,15,1,25,3,0.5,0.3,0.1,0.03,0.1,0.05,1,1
"469",1.16003132082187,0.0980712586872069,1.15851418293355,0.195133842559204,0.0421946740128558,0,17,1,25,3,0.6,0.3,0.1,0.03,0.1,0.05,1,1
"470",1.16003132082187,0.0980712586872069,1.15059022629452,0.134885782881692,0.038356290174472,0,19,1,25,3,0.7,0.3,0.1,0.03,0.1,0.05,1,1
"471",1.16003132082187,0.0980712586872069,1.1608761575147,0.188625999934739,0.0351056014692378,0,21,1,25,3,0.8,0.3,0.1,0.03,0.1,0.05,1,1
"472",1.16003132082187,0.0980712586872069,1.16329792149232,0.126032791412409,0.034931129476584,0,22,1,25,3,0.9,0.3,0.1,0.03,0.1,0.05,1,1
"473",1.16003132082187,0.0980712586872069,1.16016708654771,0.116403483297308,0.0331496786042241,0,21,2,25,3,1,0.3,0.1,0.03,0.1,0.05,1,1
"474",1.16003132082187,0.0980712586872069,1.2077534551462,0.88162077381556,0.0663269054178145,0,9,1,25,4,0,0.3,0.1,0.03,0.1,0.05,1,1
"475",1.16003132082187,0.0980712586872069,1.16387983524009,0.66944924132513,0.063287419651056,0,9,2,25,4,0.1,0.3,0.1,0.03,0.1,0.05,1,1
"476",1.16003132082187,0.0980712586872069,1.2636959666398,0.4947376180055,0.0615610651974288,0,11,1,25,4,0.2,0.3,0.1,0.03,0.1,0.05,1,1
"477",1.16003132082187,0.0980712586872069,1.16834848473353,0.436745607076338,0.0574563820018366,0,11,2,25,4,0.3,0.3,0.1,0.03,0.1,0.05,1,1
"478",1.16003132082187,0.0980712586872069,1.17382843038599,0.32391580715392,0.0512764003673095,0,13,1,25,4,0.4,0.3,0.1,0.03,0.1,0.05,1,1
"479",1.16003132082187,0.0980712586872069,1.13881505905551,0.239219305367011,0.0463820018365473,0,16,1,25,4,0.5,0.3,0.1,0.03,0.1,0.05,1,1
"480",1.16003132082187,0.0980712586872069,1.15716666425782,0.219979145798342,0.041763085399449,0,18,1,25,4,0.6,0.3,0.1,0.03,0.1,0.05,1,1
"481",1.16003132082187,0.0980712586872069,1.16930198025543,0.213873513500912,0.0380348943985308,0,19,1,25,4,0.7,0.3,0.1,0.03,0.1,0.05,1,1
"482",1.16003132082187,0.0980712586872069,1.15858850427525,0.166283458499169,0.0350229568411387,0,21,1,25,4,0.8,0.3,0.1,0.03,0.1,0.05,1,1
"483",1.16003132082187,0.0980712586872069,1.16371082918968,0.124251211935527,0.0345730027548209,0,22,1,25,4,0.9,0.3,0.1,0.03,0.1,0.05,1,1
"484",1.16003132082187,0.0980712586872069,1.15678557041873,0.164940909103405,0.0331864095500459,0,21,1,25,4,1,0.3,0.1,0.03,0.1,0.05,1,1
"485",1.16003132082187,0.0980712586872069,1.20309710672106,0.942861993704841,0.0659044995408632,0,8,1,25,5,0,0.3,0.1,0.03,0.1,0.05,1,1
"486",1.16003132082187,0.0980712586872069,1.10165493577386,0.730388029156037,0.0633425160697888,0,9,1,25,5,0.1,0.3,0.1,0.03,0.1,0.05,1,1
"487",1.16003132082187,0.0980712586872069,1.19737510306722,0.501818466428534,0.0596602387511478,0,12,2,25,5,0.2,0.3,0.1,0.03,0.1,0.05,1,1
"488",1.16003132082187,0.0980712586872069,1.1780524404233,0.361688052930991,0.0552341597796143,0,13.5,2,25,5,0.3,0.3,0.1,0.03,0.1,0.05,1,1
"489",1.16003132082187,0.0980712586872069,1.136914081543,0.325508577778798,0.0519742883379247,0,13,1,25,5,0.4,0.3,0.1,0.03,0.1,0.05,1,1
"490",1.16003132082187,0.0980712586872069,1.15164783445243,0.259172082638968,0.0477410468319559,0,15,1,25,5,0.5,0.3,0.1,0.03,0.1,0.05,1,1
"491",1.16003132082187,0.0980712586872069,1.1618755625442,0.216227661015771,0.0413957759412305,0,17,1,25,5,0.6,0.3,0.1,0.03,0.1,0.05,1,1
"492",1.16003132082187,0.0980712586872069,1.15462552754635,0.151280728291394,0.0387052341597796,0,20.5,1,25,5,0.7,0.3,0.1,0.03,0.1,0.05,1,1
"493",1.16003132082187,0.0980712586872069,1.15744321447594,0.143018775967501,0.0355555555555556,0,22,1,25,5,0.8,0.3,0.1,0.03,0.1,0.05,1,1
"494",1.16003132082187,0.0980712586872069,1.16122892322176,0.153626699043461,0.0332966023875115,0,22,2,25,5,0.9,0.3,0.1,0.03,0.1,0.05,1,1
"495",1.16003132082187,0.0980712586872069,1.15889035878501,0.136198973739182,0.0325987144168962,0,22,1,25,5,1,0.3,0.1,0.03,0.1,0.05,1,1
"496",0.922422240743061,0.0993669399424061,1.08483847885246,0.913077731497227,0.0650505050505051,0,10,1,28,1,0,0.3,0.1,0.03,0.1,0.05,1,1
"497",0.922422240743061,0.0993669399424061,1.04599123681801,0.709354008069863,0.064949494949495,0,10,1,28,1,0.1,0.3,0.1,0.03,0.1,0.05,1,1
"498",0.922422240743061,0.0993669399424061,0.887550573288255,0.507135088582431,0.059485766758494,0,11,2,28,1,0.2,0.3,0.1,0.03,0.1,0.05,1,1
"499",0.922422240743061,0.0993669399424061,0.968004026122389,0.403172403000019,0.0567493112947658,0,12,1,28,1,0.3,0.3,0.1,0.03,0.1,0.05,1,1
"500",0.922422240743061,0.0993669399424061,0.907950295491369,0.322857306856597,0.052653810835629,0,13,1,28,1,0.4,0.3,0.1,0.03,0.1,0.05,1,1
"501",0.922422240743061,0.0993669399424061,0.932696810476362,0.223475980381675,0.0475298438934803,0,16,2,28,1,0.5,0.3,0.1,0.03,0.1,0.05,1,1
"502",0.922422240743061,0.0993669399424061,0.902334784150883,0.229558725897615,0.0409458218549128,0,17,1,28,1,0.6,0.3,0.1,0.03,0.1,0.05,1,1
"503",0.922422240743061,0.0993669399424061,0.912807645727643,0.14476874201529,0.0384297520661157,0,19,1.5,28,1,0.7,0.3,0.1,0.03,0.1,0.05,1,1
"504",0.922422240743061,0.0993669399424061,0.923967390357791,0.127688602072826,0.0360422405876951,0,22,1,28,1,0.8,0.3,0.1,0.03,0.1,0.05,1,1
"505",0.922422240743061,0.0993669399424061,0.922368839282261,0.114352593176779,0.0345821854912764,0,22,2,28,1,0.9,0.3,0.1,0.03,0.1,0.05,1,1
"506",0.922422240743061,0.0993669399424061,0.926955463305749,0.169574318729128,0.0331313131313131,0,21,1,28,1,1,0.3,0.1,0.03,0.1,0.05,1,1
"507",0.922422240743061,0.0993669399424061,0.981220667053939,0.943738039041676,0.0652617079889807,0,10,2,28,2,0,0.3,0.1,0.03,0.1,0.05,1,1
"508",0.922422240743061,0.0993669399424061,0.91601621190059,0.701569907455656,0.0629660238751148,0,10,1.5,28,2,0.1,0.3,0.1,0.03,0.1,0.05,1,1
"509",0.922422240743061,0.0993669399424061,0.968650029296382,0.533117511431525,0.0607254361799816,0,10,2,28,2,0.2,0.3,0.1,0.03,0.1,0.05,1,1
"510",0.922422240743061,0.0993669399424061,0.912262562389885,0.391556374397002,0.0579706152433425,0,12,1,28,2,0.3,0.3,0.1,0.03,0.1,0.05,1,1
"511",0.922422240743061,0.0993669399424061,0.925607314789922,0.338312547038372,0.0530119375573921,0,13,1,28,2,0.4,0.3,0.1,0.03,0.1,0.05,1,1
"512",0.922422240743061,0.0993669399424061,0.917544357927953,0.262417656033228,0.0462718089990817,0,16,1,28,2,0.5,0.3,0.1,0.03,0.1,0.05,1,1
"513",0.922422240743061,0.0993669399424061,0.930630883697391,0.213102770513862,0.0417539026629936,0,18.5,1,28,2,0.6,0.3,0.1,0.03,0.1,0.05,1,1
"514",0.922422240743061,0.0993669399424061,0.923843237957029,0.176339425297879,0.0387695133149679,0,19,1,28,2,0.7,0.3,0.1,0.03,0.1,0.05,1,1
"515",0.922422240743061,0.0993669399424061,0.919410712268163,0.131047791629816,0.0359779614325069,0,22,1,28,2,0.8,0.3,0.1,0.03,0.1,0.05,1,1
"516",0.922422240743061,0.0993669399424061,0.92436195523021,0.120318001375991,0.0336179981634527,0,22,1,28,2,0.9,0.3,0.1,0.03,0.1,0.05,1,1
"517",0.922422240743061,0.0993669399424061,0.921262138633478,0.10503780197317,0.0328558310376492,0,22,1,28,2,1,0.3,0.1,0.03,0.1,0.05,1,1
"518",0.922422240743061,0.0993669399424061,1.0953373186896,0.916014972962083,0.0642148760330579,0,9,2,28,3,0,0.3,0.1,0.03,0.1,0.05,1,1
"519",0.922422240743061,0.0993669399424061,1.0286750618598,0.709989603271761,0.0639026629935721,0,9,2,28,3,0.1,0.3,0.1,0.03,0.1,0.05,1,1
"520",0.922422240743061,0.0993669399424061,1.00479204465066,0.508170824348219,0.0614141414141414,0,11,2,28,3,0.2,0.3,0.1,0.03,0.1,0.05,1,1
"521",0.922422240743061,0.0993669399424061,0.906410101260799,0.418407899001996,0.0569972451790634,0,11,2,28,3,0.3,0.3,0.1,0.03,0.1,0.05,1,1
"522",0.922422240743061,0.0993669399424061,0.909396792335587,0.332912882850172,0.0543709825528007,0,13,2,28,3,0.4,0.3,0.1,0.03,0.1,0.05,1,1
"523",0.922422240743061,0.0993669399424061,0.903263611568537,0.241441941653467,0.0461340679522498,0,16,2,28,3,0.5,0.3,0.1,0.03,0.1,0.05,1,1
"524",0.922422240743061,0.0993669399424061,0.907636904981042,0.215803953808715,0.0411662075298439,0,18,1,28,3,0.6,0.3,0.1,0.03,0.1,0.05,1,1
"525",0.922422240743061,0.0993669399424061,0.914869351613366,0.179394774163889,0.037979797979798,0,21,1,28,3,0.7,0.3,0.1,0.03,0.1,0.05,1,1
"526",0.922422240743061,0.0993669399424061,0.92671650214489,0.139170924531053,0.0358034894398531,0,20,1,28,3,0.8,0.3,0.1,0.03,0.1,0.05,1,1
"527",0.922422240743061,0.0993669399424061,0.922820741501142,0.125106319152291,0.0348025711662075,0,22,2,28,3,0.9,0.3,0.1,0.03,0.1,0.05,1,1
"528",0.922422240743061,0.0993669399424061,0.924815157699705,0.114478438960038,0.0332323232323232,0,21,2,28,3,1,0.3,0.1,0.03,0.1,0.05,1,1
"529",0.922422240743061,0.0993669399424061,0.950133302423064,0.971687875701042,0.0661157024793388,0,9,2,28,4,0,0.3,0.1,0.03,0.1,0.05,1,1
"530",0.922422240743061,0.0993669399424061,0.941284766211714,0.685331780855636,0.0640955004591368,0,9,1,28,4,0.1,0.3,0.1,0.03,0.1,0.05,1,1
"531",0.922422240743061,0.0993669399424061,0.972714347135765,0.538128342234189,0.061524334251607,0,11,1,28,4,0.2,0.3,0.1,0.03,0.1,0.05,1,1
"532",0.922422240743061,0.0993669399424061,0.922825855543425,0.436031291602055,0.0591460055096419,0,12,1,28,4,0.3,0.3,0.1,0.03,0.1,0.05,1,1
"533",0.922422240743061,0.0993669399424061,0.866324565891093,0.317634507159628,0.0528282828282828,0,12,2,28,4,0.4,0.3,0.1,0.03,0.1,0.05,1,1
"534",0.922422240743061,0.0993669399424061,0.897486651041025,0.215677071294605,0.0478512396694215,0,16,2,28,4,0.5,0.3,0.1,0.03,0.1,0.05,1,1
"535",0.922422240743061,0.0993669399424061,0.923196163355888,0.2049072040527,0.0413682277318641,0,19,1,28,4,0.6,0.3,0.1,0.03,0.1,0.05,1,1
"536",0.922422240743061,0.0993669399424061,0.922862004349292,0.174641094784888,0.0384205693296602,0,21.5,1,28,4,0.7,0.3,0.1,0.03,0.1,0.05,1,1
"537",0.922422240743061,0.0993669399424061,0.918444182069487,0.145610965034192,0.0364095500459137,0,21,2,28,4,0.8,0.3,0.1,0.03,0.1,0.05,1,1
"538",0.922422240743061,0.0993669399424061,0.919694736115817,0.1096872334148,0.034297520661157,0,21,2,28,4,0.9,0.3,0.1,0.03,0.1,0.05,1,1
"539",0.922422240743061,0.0993669399424061,0.92394396899764,0.127251151144377,0.0330853994490358,0,21,1,28,4,1,0.3,0.1,0.03,0.1,0.05,1,1
"540",0.922422240743061,0.0993669399424061,1.00504829574966,0.912953068702777,0.0661432506887052,0,9,2,28,5,0,0.3,0.1,0.03,0.1,0.05,1,1
"541",0.922422240743061,0.0993669399424061,0.938706994742281,0.695513463884155,0.0636547291092746,0,9,1,28,5,0.1,0.3,0.1,0.03,0.1,0.05,1,1
"542",0.922422240743061,0.0993669399424061,0.98679094888667,0.546554838713344,0.060752984389348,0,10,1.5,28,5,0.2,0.3,0.1,0.03,0.1,0.05,1,1
"543",0.922422240743061,0.0993669399424061,0.938530365212684,0.413189939260444,0.0562075298438935,0,11,1,28,5,0.3,0.3,0.1,0.03,0.1,0.05,1,1
"544",0.922422240743061,0.0993669399424061,0.909944708468702,0.331748235784902,0.0529935720844812,0,12,2,28,5,0.4,0.3,0.1,0.03,0.1,0.05,1,1
"545",0.922422240743061,0.0993669399424061,0.934494267502086,0.245306025270098,0.0466483011937557,0,15,1,28,5,0.5,0.3,0.1,0.03,0.1,0.05,1,1
"546",0.922422240743061,0.0993669399424061,0.923726322785104,0.213366193833879,0.0412855831037649,0,18,1,28,5,0.6,0.3,0.1,0.03,0.1,0.05,1,1
"547",0.922422240743061,0.0993669399424061,0.917662826320006,0.195006619943979,0.0380624426078972,0,22,1,28,5,0.7,0.3,0.1,0.03,0.1,0.05,1,1
"548",0.922422240743061,0.0993669399424061,0.925413314478197,0.156839171312404,0.0349035812672176,0,22,1,28,5,0.8,0.3,0.1,0.03,0.1,0.05,1,1
"549",0.922422240743061,0.0993669399424061,0.927707719043291,0.146506661561997,0.0344811753902663,0,22,1.5,28,5,0.9,0.3,0.1,0.03,0.1,0.05,1,1
"550",0.922422240743061,0.0993669399424061,0.924825018246525,0.120422677485931,0.0327456382001837,0,21,2,28,5,1,0.3,0.1,0.03,0.1,0.05,1,1
