"","varbtwn_start","varwin_start","varbtwn_end","varwin_end","turnover","carriers","tenure_end","cond","rep_no","b1","b2","b3","alienate","r0","r1","r2","select","s0","s1"
"1",1.12044255694182,0.0950474142291856,0.232666790942881,0.14693498821096,0.0401561065197429,0.747252664765869,27.1078378449087,1,1,0,0.3,0.1,1,0.01,1,0.06,1,0.1,0.01
"2",1.12044255694182,0.0950474142291856,0.216888455080406,0.103094136992846,0.0363452708907254,0.750625863884922,32.0470915338109,1,1,0,0.3,0.1,1,0.01,1,0.06,1,0.1,0.03
"3",1.12044255694182,0.0950474142291856,0.221592152403458,0.700448245417575,0.0229935720844812,0.923208161107533,49.0256713553399,1,1,0,0.3,0.1,1,0.01,1,0.06,1,1,0.01
"4",1.12044255694182,0.0950474142291856,0.227541921448476,0.689500299774382,0.022534435261708,0.919576980272612,49.1183887372766,1,1,0,0.3,0.1,1,0.01,1,0.06,1,1,0.03
"5",1.12044255694182,0.0950474142291856,0.480665312376425,1.35349509256665,0.0105509641873278,0.968175863488363,71.8500707864946,1,1,0,0.3,0.1,1,0.01,1,0.06,1,10,0.01
"6",1.12044255694182,0.0950474142291856,0.649403108462323,1.59672130975171,0.0102387511478421,0.959495516058016,74.753728028907,1,1,0,0.3,0.1,1,0.01,1,0.06,1,10,0.03
"7",1.12044255694182,0.0950474142291856,0.188570788314712,0.1116310104889,0.045702479338843,0.789939495465861,23.9201202395905,1,1,0,0.3,0.1,1,0.03,1,0.06,1,0.1,0.01
"8",1.12044255694182,0.0950474142291856,0.286198036753324,0.0964849081270105,0.0447107438016529,0.794153493110732,23.201944923713,1,1,0,0.3,0.1,1,0.03,1,0.06,1,0.1,0.03
"9",1.12044255694182,0.0950474142291856,0.381902338331206,0.629904067848557,0.0370523415977961,0.953145761468713,26.5865814296064,1,1,0,0.3,0.1,1,0.03,1,0.06,1,1,0.01
"10",1.12044255694182,0.0950474142291856,0.285252118414819,0.624835796890999,0.0372635445362718,0.941889339724888,25.7461810270224,1,1,0,0.3,0.1,1,0.03,1,0.06,1,1,0.03
"11",1.12044255694182,0.0950474142291856,0.207469679768798,1.86088406547822,0.0284297520661157,0.986481338448881,33.1954986635103,1,1,0,0.3,0.1,1,0.03,1,0.06,1,10,0.01
"12",1.12044255694182,0.0950474142291856,0.326255866615978,1.91823959007656,0.0304224058769513,0.968606710598473,32.8188895414237,1,1,0,0.3,0.1,1,0.03,1,0.06,1,10,0.03
"13",1.12044255694182,0.0950474142291856,0.0220091411665043,0.0535114408616105,0.029247015610652,0.823711405457574,41.8972557395137,1,1,0.2,0.3,0.1,1,0.01,1,0.06,1,0.1,0.01
"14",1.12044255694182,0.0950474142291856,0.0155757683672656,0.046931549847864,0.0307254361799816,0.810870139594909,41.8844603283984,1,1,0.2,0.3,0.1,1,0.01,1,0.06,1,0.1,0.03
"15",1.12044255694182,0.0950474142291856,0.107539794719722,0.309176819253622,0.0175022956841139,0.959332565775141,55.3488435213608,1,1,0.2,0.3,0.1,1,0.01,1,0.06,1,1,0.01
"16",1.12044255694182,0.0950474142291856,0.0843107192304854,0.305258384844668,0.0170615243342516,0.944670124957542,57.2169599928729,1,1,0.2,0.3,0.1,1,0.01,1,0.06,1,1,0.03
"17",1.12044255694182,0.0950474142291856,0.267774360105318,0.937032688913041,0.010119375573921,0.960337209087209,73.5065501590124,1,1,0.2,0.3,0.1,1,0.01,1,0.06,1,10,0.01
"18",1.12044255694182,0.0950474142291856,0.339622993087874,0.887121325917419,0.00987144168962351,0.960031778542808,77.9165447029935,1,1,0.2,0.3,0.1,1,0.01,1,0.06,1,10,0.03
"19",1.12044255694182,0.0950474142291856,0.0107926322981032,0.0458442131989787,0.0416620752984389,0.866459601261731,27.141944923713,1,1,0.2,0.3,0.1,1,0.03,1,0.06,1,0.1,0.01
"20",1.12044255694182,0.0950474142291856,0.0107057271030043,0.048055155775272,0.0398255280073462,0.853306842624282,28.2927602826565,1,1,0.2,0.3,0.1,1,0.03,1,0.06,1,0.1,0.03
"21",1.12044255694182,0.0950474142291856,0.0412094440694473,0.18071200878603,0.0339026629935721,0.974304146770438,30.112892307656,1,1,0.2,0.3,0.1,1,0.03,1,0.06,1,1,0.01
"22",1.12044255694182,0.0950474142291856,0.038802298506718,0.164608923181172,0.0331037649219467,0.956764628762102,31.0356844149657,1,1,0.2,0.3,0.1,1,0.03,1,0.06,1,1,0.03
"23",1.12044255694182,0.0950474142291856,0.0667904242012511,0.515688033687023,0.0304315886134068,0.985489892094092,31.5837671181496,1,1,0.2,0.3,0.1,1,0.03,1,0.06,1,10,0.01
"24",1.12044255694182,0.0950474142291856,0.0683311223751421,0.710337566208845,0.0303673094582185,0.967625269201596,32.7000567213382,1,1,0.2,0.3,0.1,1,0.03,1,0.06,1,10,0.03
"25",1.12044255694182,0.0950474142291856,0.00294445517364824,0.0291588453110834,0.0263269054178145,0.773188387655893,48.8092874329258,1,1,0.6,0.3,0.1,1,0.01,1,0.06,1,0.1,0.01
"26",1.12044255694182,0.0950474142291856,0.00331710094110009,0.0253532900099787,0.0260881542699725,0.801570203935504,51.1654323682835,1,1,0.6,0.3,0.1,1,0.01,1,0.06,1,0.1,0.03
"27",1.12044255694182,0.0950474142291856,0.0158019483054825,0.165737869453856,0.0152249770431589,0.960192062434084,65.1856441887535,1,1,0.6,0.3,0.1,1,0.01,1,0.06,1,1,0.01
"28",1.12044255694182,0.0950474142291856,0.0198231909316732,0.188503847441663,0.016455463728191,0.952829026131421,59.7246414533702,1,1,0.6,0.3,0.1,1,0.01,1,0.06,1,1,0.03
"29",1.12044255694182,0.0950474142291856,0.112518201533859,0.485013742782391,0.0100734618916437,0.969127065064565,74.601865039263,1,1,0.6,0.3,0.1,1,0.01,1,0.06,1,10,0.01
"30",1.12044255694182,0.0950474142291856,0.127988827400956,0.473930001063383,0.0104683195592286,0.957846193158693,73.0220154511384,1,1,0.6,0.3,0.1,1,0.01,1,0.06,1,10,0.03
"31",1.12044255694182,0.0950474142291856,6.09599126159695e-05,0.0124323741379139,0.0379155188246097,0.872627139710825,28.6766666666667,1,1,0.6,0.3,0.1,1,0.03,1,0.06,1,0.1,0.01
"32",1.12044255694182,0.0950474142291856,8.5072408028341e-05,0.0226035853060152,0.0376308539944904,0.861594131334322,28.4218971286895,1,1,0.6,0.3,0.1,1,0.03,1,0.06,1,0.1,0.03
"33",1.12044255694182,0.0950474142291856,0.000836884930092532,0.060579446461657,0.0322130394857668,0.976192732729159,30.6201693719796,1,1,0.6,0.3,0.1,1,0.03,1,0.06,1,1,0.01
"34",1.12044255694182,0.0950474142291856,0.000759068953925371,0.0681559802401541,0.0325160697887971,0.958587725086692,30.2671006567858,1,1,0.6,0.3,0.1,1,0.03,1,0.06,1,1,0.03
"35",1.12044255694182,0.0950474142291856,0.00136619774162816,0.146056461644441,0.0305325987144169,0.99033530844722,30.0416059753064,1,1,0.6,0.3,0.1,1,0.03,1,0.06,1,10,0.01
"36",1.12044255694182,0.0950474142291856,0.00163475970161603,0.192479228441665,0.0291000918273646,0.966908602850641,30.8579837302487,1,1,0.6,0.3,0.1,1,0.03,1,0.06,1,10,0.03
"37",1.10464336678037,0.995678916869216,0.0497478593343639,0.108551680356125,0.0385307621671258,0.745186088846561,30.2579078516375,2,1,0,0.3,0.1,1,0.01,1,0.06,1,0.1,0.01
"38",1.10464336678037,0.995678916869216,0.0570170415225332,0.110829249159423,0.0384205693296602,0.748037243144259,30.7885043292025,2,1,0,0.3,0.1,1,0.01,1,0.06,1,0.1,0.03
"39",1.10464336678037,0.995678916869216,0.637580647883199,0.808926894541299,0.0260238751147842,0.916247611864013,40.2119772241101,2,1,0,0.3,0.1,1,0.01,1,0.06,1,1,0.01
"40",1.10464336678037,0.995678916869216,0.504353865089404,0.868732273466519,0.0266207529843893,0.916329355173837,41.9331690654644,2,1,0,0.3,0.1,1,0.01,1,0.06,1,1,0.03
"41",1.10464336678037,0.995678916869216,0.590694457670565,1.70792267830562,0.01,0.968194652569653,74.1451376675665,2,1,0,0.3,0.1,1,0.01,1,0.06,1,10,0.01
"42",1.10464336678037,0.995678916869216,0.550723550871693,1.94292766863883,0.0112396694214876,0.957420273082038,70.7712080798959,2,1,0,0.3,0.1,1,0.01,1,0.06,1,10,0.03
"43",1.10464336678037,0.995678916869216,0.0508219936991063,0.112755198658406,0.0472635445362718,0.782594631980878,21.5990616954591,2,1,0,0.3,0.1,1,0.03,1,0.06,1,0.1,0.01
"44",1.10464336678037,0.995678916869216,0.041306719074154,0.110036942638526,0.0481175390266299,0.77418784159483,22.5246172510147,2,1,0,0.3,0.1,1,0.03,1,0.06,1,0.1,0.03
"45",1.10464336678037,0.995678916869216,0.562201578815549,0.775901006526684,0.0390633608815427,0.937683948229174,26.7768658289968,2,1,0,0.3,0.1,1,0.03,1,0.06,1,1,0.01
"46",1.10464336678037,0.995678916869216,0.355786899571447,0.881640259015223,0.0399724517906336,0.936844982392864,24.9914041074071,2,1,0,0.3,0.1,1,0.03,1,0.06,1,1,0.03
"47",1.10464336678037,0.995678916869216,0.515446655510169,1.70747195671871,0.0299540863177227,0.990697647946281,32.1124483740965,2,1,0,0.3,0.1,1,0.03,1,0.06,1,10,0.01
"48",1.10464336678037,0.995678916869216,0.566183111596983,2.18635057904694,0.0304591368227732,0.967385420606738,30.8649932124775,2,1,0,0.3,0.1,1,0.03,1,0.06,1,10,0.03
"49",1.10464336678037,0.995678916869216,0.0145110015499696,0.0502054373275799,0.0289990817263545,0.822215080819313,45.0512843751035,2,1,0.2,0.3,0.1,1,0.01,1,0.06,1,0.1,0.01
"50",1.10464336678037,0.995678916869216,0.0114740952621601,0.0437584648609782,0.0271625344352617,0.794806228730186,48.0647064549889,2,1,0.2,0.3,0.1,1,0.01,1,0.06,1,0.1,0.03
"51",1.10464336678037,0.995678916869216,0.110216427042971,0.306939105305013,0.0185215794306703,0.953800267699497,54.7371983801992,2,1,0.2,0.3,0.1,1,0.01,1,0.06,1,1,0.01
"52",1.10464336678037,0.995678916869216,0.108160044092975,0.320781187481328,0.0186409550045914,0.930217475400933,53.4725363077056,2,1,0.2,0.3,0.1,1,0.01,1,0.06,1,1,0.03
"53",1.10464336678037,0.995678916869216,0.21281331391262,0.899594095030775,0.0105968778696051,0.971369052380082,72.629885226709,2,1,0.2,0.3,0.1,1,0.01,1,0.06,1,10,0.01
"54",1.10464336678037,0.995678916869216,0.296976929869673,0.946296500156182,0.0102203856749311,0.948703761516262,74.3458188013204,2,1,0.2,0.3,0.1,1,0.01,1,0.06,1,10,0.03
"55",1.10464336678037,0.995678916869216,0.0107947457985568,0.0300687230858874,0.0387878787878788,0.851134015837544,26.92,2,1,0.2,0.3,0.1,1,0.03,1,0.06,1,0.1,0.01
"56",1.10464336678037,0.995678916869216,0.00420083165119128,0.0361905798652941,0.0392653810835629,0.839856165921762,27.429099586333,2,1,0.2,0.3,0.1,1,0.03,1,0.06,1,0.1,0.03
"57",1.10464336678037,0.995678916869216,0.0573391042459295,0.177578070083907,0.03455463728191,0.972007683141217,29.0207968978593,2,1,0.2,0.3,0.1,1,0.03,1,0.06,1,1,0.01
"58",1.10464336678037,0.995678916869216,0.0430941244170195,0.185086523546496,0.0338383838383838,0.957808159099177,29.5644443450206,2,1,0.2,0.3,0.1,1,0.03,1,0.06,1,1,0.03
"59",1.10464336678037,0.995678916869216,0.0562281528900065,0.654510495257338,0.0292653810835629,0.986761106445818,32.7199982769435,2,1,0.2,0.3,0.1,1,0.03,1,0.06,1,10,0.01
"60",1.10464336678037,0.995678916869216,0.0555368401500517,0.903841585479036,0.0302662993572085,0.968562082783272,30.747846885404,2,1,0.2,0.3,0.1,1,0.03,1,0.06,1,10,0.03
"61",1.10464336678037,0.995678916869216,0.000570814894018876,0.016293951156552,0.0210192837465565,0.793002035131669,54.8013181922149,2,1,0.6,0.3,0.1,1,0.01,1,0.06,1,0.1,0.01
"62",1.10464336678037,0.995678916869216,0.00061911337751155,0.013271899933762,0.0209825528007346,0.796025824211004,58.2331090038609,2,1,0.6,0.3,0.1,1,0.01,1,0.06,1,0.1,0.03
"63",1.10464336678037,0.995678916869216,0.00556868864904098,0.151727011316891,0.015564738292011,0.946562472415563,59.1813947306397,2,1,0.6,0.3,0.1,1,0.01,1,0.06,1,1,0.01
"64",1.10464336678037,0.995678916869216,0.00984540479715761,0.155859314817235,0.0152249770431589,0.936273237412875,63.1926966044848,2,1,0.6,0.3,0.1,1,0.01,1,0.06,1,1,0.03
"65",1.10464336678037,0.995678916869216,0.0661924121187281,0.61258530954379,0.00993572084481175,0.969126382876383,74.8299144167914,2,1,0.6,0.3,0.1,1,0.01,1,0.06,1,10,0.01
"66",1.10464336678037,0.995678916869216,0.0643621446752312,0.642786699229236,0.0101652892561983,0.950754508291273,75.4915112498916,2,1,0.6,0.3,0.1,1,0.01,1,0.06,1,10,0.03
"67",1.10464336678037,0.995678916869216,3.45670711943872e-05,0.016713084311371,0.0351515151515151,0.867900157763515,32.688746174902,2,1,0.6,0.3,0.1,1,0.03,1,0.06,1,0.1,0.01
"68",1.10464336678037,0.995678916869216,5.76852499281631e-05,0.00495839447042945,0.0367952249770432,0.863154164590152,28.3833333333333,2,1,0.6,0.3,0.1,1,0.03,1,0.06,1,0.1,0.03
"69",1.10464336678037,0.995678916869216,0.000566490754873331,0.0770336726603875,0.0317906336088154,0.967635005146242,32.4402672697814,2,1,0.6,0.3,0.1,1,0.03,1,0.06,1,1,0.01
"70",1.10464336678037,0.995678916869216,0.000446209455905323,0.070752575700245,0.0320844811753903,0.954085204294146,30.1594669656113,2,1,0.6,0.3,0.1,1,0.03,1,0.06,1,1,0.03
"71",1.10464336678037,0.995678916869216,0.000529263097948714,0.247792362464289,0.0295224977043159,0.986141767969669,33.1037567359599,2,1,0.6,0.3,0.1,1,0.03,1,0.06,1,10,0.01
"72",1.10464336678037,0.995678916869216,0.000903778432064217,0.284469181307175,0.0298530762167126,0.963925981297861,32.6869413845452,2,1,0.6,0.3,0.1,1,0.03,1,0.06,1,10,0.03
"73",2.8027721969422,9.90993591766014,0.0400264558460826,0.120589471192238,0.0385215794306703,0.693714327994334,32.5451503890147,3,1,0,0.3,0.1,1,0.01,1,0.06,1,0.1,0.01
"74",2.8027721969422,9.90993591766014,0.209344296601425,0.12154191056529,0.0404040404040404,0.6731102905341,29.2192233830943,3,1,0,0.3,0.1,1,0.01,1,0.06,1,0.1,0.03
"75",2.8027721969422,9.90993591766014,0.461693777194126,0.880827678523938,0.0328374655647383,0.792376106118565,36.0718136587302,3,1,0,0.3,0.1,1,0.01,1,0.06,1,1,0.01
"76",2.8027721969422,9.90993591766014,0.443202522374339,0.931864834038026,0.0324426078971533,0.79213639494925,36.4585049668758,3,1,0,0.3,0.1,1,0.01,1,0.06,1,1,0.03
"77",2.8027721969422,9.90993591766014,3.75679047726526,7.84498969787086,0.0239761248852158,0.9654118733203,44.8533445596601,3,1,0,0.3,0.1,1,0.01,1,0.06,1,10,0.01
"78",2.8027721969422,9.90993591766014,3.36215931204705,7.65232795344183,0.0227180899908173,0.949818548489393,45.0001666731762,3,1,0,0.3,0.1,1,0.01,1,0.06,1,10,0.03
"79",2.8027721969422,9.90993591766014,0.046476468184456,0.148908163529474,0.0487695133149679,0.706660932407399,21.8509335004339,3,1,0,0.3,0.1,1,0.03,1,0.06,1,0.1,0.01
"80",2.8027721969422,9.90993591766014,0.0569437546006661,0.24998800093549,0.0472819100091827,0.713956421388945,21.8241332322844,3,1,0,0.3,0.1,1,0.03,1,0.06,1,0.1,0.03
"81",2.8027721969422,9.90993591766014,0.43112698084544,0.947280632048014,0.0431037649219467,0.827385748192476,24.6819234895108,3,1,0,0.3,0.1,1,0.03,1,0.06,1,1,0.01
"82",2.8027721969422,9.90993591766014,0.622150896858358,0.865777033667622,0.0422497704315886,0.825083474556568,23.7984000946266,3,1,0,0.3,0.1,1,0.03,1,0.06,1,1,0.03
"83",2.8027721969422,9.90993591766014,2.84004581523371,7.6329074921209,0.0378053259871442,0.975007218331678,26.3648160938114,3,1,0,0.3,0.1,1,0.03,1,0.06,1,10,0.01
"84",2.8027721969422,9.90993591766014,3.82789728000226,6.92343842539734,0.0366666666666667,0.957167776665374,27.55620873391,3,1,0,0.3,0.1,1,0.03,1,0.06,1,10,0.03
"85",2.8027721969422,9.90993591766014,0.012679615018156,0.132491364939394,0.0268135904499541,0.75517226388521,46.5778586731767,3,1,0.2,0.3,0.1,1,0.01,1,0.06,1,0.1,0.01
"86",2.8027721969422,9.90993591766014,0.0122818997316305,0.0401125910588135,0.028613406795225,0.74561995839331,46.4151199015743,3,1,0.2,0.3,0.1,1,0.01,1,0.06,1,0.1,0.03
"87",2.8027721969422,9.90993591766014,0.104385770174996,0.321625441309019,0.0216345270890725,0.808227558564787,53.6203007341689,3,1,0.2,0.3,0.1,1,0.01,1,0.06,1,1,0.01
"88",2.8027721969422,9.90993591766014,0.0727439378103783,0.309053023239326,0.0211570247933884,0.806728686201295,54.7122187900146,3,1,0.2,0.3,0.1,1,0.01,1,0.06,1,1,0.03
"89",2.8027721969422,9.90993591766014,0.900207968897968,3.01479273028375,0.0150596877869605,0.971743829189005,63.3690869485425,3,1,0.2,0.3,0.1,1,0.01,1,0.06,1,10,0.01
"90",2.8027721969422,9.90993591766014,0.818070444696752,2.75722276807197,0.0158769513314968,0.956635417613426,56.8952906607846,3,1,0.2,0.3,0.1,1,0.01,1,0.06,1,10,0.03
"91",2.8027721969422,9.90993591766014,0.00497244871307144,0.0446029305806209,0.0389990817263545,0.797120615826253,28.658382487556,3,1,0.2,0.3,0.1,1,0.03,1,0.06,1,0.1,0.01
"92",2.8027721969422,9.90993591766014,0.00622307679119781,0.0250968343171001,0.0385766758494031,0.787205442777217,28,3,1,0.2,0.3,0.1,1,0.03,1,0.06,1,0.1,0.03
"93",2.8027721969422,9.90993591766014,0.0516366101380325,0.233923816132273,0.0362258953168044,0.869671001830709,29.0300184474336,3,1,0.2,0.3,0.1,1,0.03,1,0.06,1,1,0.01
"94",2.8027721969422,9.90993591766014,0.0310610514406703,0.192676627803526,0.0359044995408632,0.849846619439234,29.8239107695532,3,1,0.2,0.3,0.1,1,0.03,1,0.06,1,1,0.03
"95",2.8027721969422,9.90993591766014,0.379467218666124,1.72160766010805,0.0322038567493113,0.981980879214887,30.2239752088505,3,1,0.2,0.3,0.1,1,0.03,1,0.06,1,10,0.01
"96",2.8027721969422,9.90993591766014,0.374043547063212,1.65287323784769,0.0322956841138659,0.964058416237083,28.7105295565904,3,1,0.2,0.3,0.1,1,0.03,1,0.06,1,10,0.03
"97",2.8027721969422,9.90993591766014,0.000556033765463479,0.012018389860509,0.0203030303030303,0.731739228658565,58.5643295081869,3,1,0.6,0.3,0.1,1,0.01,1,0.06,1,0.1,0.01
"98",2.8027721969422,9.90993591766014,0.000307037246453737,0.0367233296382311,0.0197796143250689,0.70858786788702,60.5300070400181,3,1,0.6,0.3,0.1,1,0.01,1,0.06,1,0.1,0.03
"99",2.8027721969422,9.90993591766014,0.00247286026350906,0.0921542667853849,0.0171900826446281,0.778217743950735,61.3577299111448,3,1,0.6,0.3,0.1,1,0.01,1,0.06,1,1,0.01
"100",2.8027721969422,9.90993591766014,0.00314851926171769,0.169950798753341,0.0169421487603306,0.754436838928174,63.1371362285113,3,1,0.6,0.3,0.1,1,0.01,1,0.06,1,1,0.03
"101",2.8027721969422,9.90993591766014,0.0343824805042557,1.38571546818243,0.0131313131313131,0.963168675407839,67.6970928356293,3,1,0.6,0.3,0.1,1,0.01,1,0.06,1,10,0.01
"102",2.8027721969422,9.90993591766014,0.0312365484463884,1.19333685861597,0.0128282828282828,0.949357844295218,65.7129578622486,3,1,0.6,0.3,0.1,1,0.01,1,0.06,1,10,0.03
"103",2.8027721969422,9.90993591766014,1.93756238580131e-05,0.00445209728899576,0.0351147842056933,0.811841196004786,29.0888888888889,3,1,0.6,0.3,0.1,1,0.03,1,0.06,1,0.1,0.01
"104",2.8027721969422,9.90993591766014,2.9799947008387e-05,0.0178255143384017,0.0356014692378329,0.810375503489538,31.1636919523382,3,1,0.6,0.3,0.1,1,0.03,1,0.06,1,0.1,0.03
"105",2.8027721969422,9.90993591766014,0.000134409116827432,0.033422889307222,0.0342883379247016,0.858853433931142,30.2537026182077,3,1,0.6,0.3,0.1,1,0.03,1,0.06,1,1,0.01
"106",2.8027721969422,9.90993591766014,0.000167300302271904,0.141618962173787,0.0343250688705234,0.848819201139483,29.5070450489102,3,1,0.6,0.3,0.1,1,0.03,1,0.06,1,1,0.03
"107",2.8027721969422,9.90993591766014,0.00158221638621581,0.335398160367172,0.031267217630854,0.985039876266502,31.0312446946649,3,1,0.6,0.3,0.1,1,0.03,1,0.06,1,10,0.01
"108",2.8027721969422,9.90993591766014,0.0015338065757032,0.397771352201914,0.031129476584022,0.968644220864165,30.1870542693532,3,1,0.6,0.3,0.1,1,0.03,1,0.06,1,10,0.03
"109",1.11705950497373,0.0966594019688492,0.069340044913999,0.126129127687766,0.0395224977043159,0.740180130901885,28.5974331740324,4,1,0,0.3,0.1,1,0.01,1,0.06,1,0.1,0.01
"110",1.11705950497373,0.0966594019688492,0.307709466189165,0.214001780232119,0.0432966023875115,0.739020888383893,24.7307476117325,4,1,0,0.3,0.1,1,0.01,1,0.06,1,0.1,0.03
"111",1.11705950497373,0.0966594019688492,0.643528979649823,0.769157984093637,0.0266942148760331,0.938554084434287,43.1183920317629,4,1,0,0.3,0.1,1,0.01,1,0.06,1,1,0.01
"112",1.11705950497373,0.0966594019688492,0.641312915709722,0.837415769896457,0.0266483011937557,0.929424184611004,38.1558160542984,4,1,0,0.3,0.1,1,0.01,1,0.06,1,1,0.03
"113",1.11705950497373,0.0966594019688492,0.628100337345923,1.62024891746856,0.0110376492194674,0.969307263406528,69.4287223546478,4,1,0,0.3,0.1,1,0.01,1,0.06,1,10,0.01
"114",1.11705950497373,0.0966594019688492,0.694221295415331,1.563230879463,0.0112488521579431,0.957373614947144,71.0151296476795,4,1,0,0.3,0.1,1,0.01,1,0.06,1,10,0.03
"115",1.11705950497373,0.0966594019688492,0.300679501301669,0.198936126831548,0.0505325987144169,0.787740923537825,18.9858065313391,4,1,0,0.3,0.1,1,0.03,1,0.06,1,0.1,0.01
"116",1.11705950497373,0.0966594019688492,0.101336606520073,0.12898453617225,0.0500367309458219,0.761753068790946,19.3988888888889,4,1,0,0.3,0.1,1,0.03,1,0.06,1,0.1,0.03
"117",1.11705950497373,0.0966594019688492,0.640068467978281,0.800457586210964,0.0400918273645546,0.960487586988329,23.6769716994771,4,1,0,0.3,0.1,1,0.03,1,0.06,1,1,0.01
"118",1.11705950497373,0.0966594019688492,0.644096347483486,0.722166206075126,0.0397796143250689,0.94681270044972,24.2835805406959,4,1,0,0.3,0.1,1,0.03,1,0.06,1,1,0.03
"119",1.11705950497373,0.0966594019688492,0.680638257827445,1.49227893607197,0.0307988980716253,0.988367974669713,29.620242218059,4,1,0,0.3,0.1,1,0.03,1,0.06,1,10,0.01
"120",1.11705950497373,0.0966594019688492,0.708106210395414,1.98742593089432,0.0306795224977043,0.96779962494408,30.9744580317781,4,1,0,0.3,0.1,1,0.03,1,0.06,1,10,0.03
"121",1.11705950497373,0.0966594019688492,0.0246567117160401,0.0556197616313187,0.0303489439853076,0.810752110064654,41.5372511658757,4,1,0.2,0.3,0.1,1,0.01,1,0.06,1,0.1,0.01
"122",1.11705950497373,0.0966594019688492,0.0155192927044874,0.0434144957229798,0.0299173553719008,0.812772202310026,43.4509182273263,4,1,0.2,0.3,0.1,1,0.01,1,0.06,1,0.1,0.03
"123",1.11705950497373,0.0966594019688492,0.201090471842325,0.346294303699689,0.0186960514233242,0.978788219292349,52.8986641799578,4,1,0.2,0.3,0.1,1,0.01,1,0.06,1,1,0.01
"124",1.11705950497373,0.0966594019688492,0.162168973464559,0.324587087300575,0.0190174471992654,0.956504329381278,51.3282578173587,4,1,0.2,0.3,0.1,1,0.01,1,0.06,1,1,0.03
"125",1.11705950497373,0.0966594019688492,0.39380750914649,0.723170373293863,0.0100918273645546,0.978246399068768,74.32053105719,4,1,0.2,0.3,0.1,1,0.01,1,0.06,1,10,0.01
"126",1.11705950497373,0.0966594019688492,0.358157265463108,0.935962125481901,0.010137741046832,0.944425262237762,74.9488442981552,4,1,0.2,0.3,0.1,1,0.01,1,0.06,1,10,0.03
"127",1.11705950497373,0.0966594019688492,0.00958738709906459,0.0416498015500106,0.0407621671258035,0.845285362201979,27.5166319870662,4,1,0.2,0.3,0.1,1,0.03,1,0.06,1,0.1,0.01
"128",1.11705950497373,0.0966594019688492,0.0127197113343652,0.0366186547700717,0.0416345270890725,0.844842600573195,26.7011111111111,4,1,0.2,0.3,0.1,1,0.03,1,0.06,1,0.1,0.03
"129",1.11705950497373,0.0966594019688492,0.101017637172227,0.190283779671634,0.0337832874196511,0.982394299782942,30.76219729503,4,1,0.2,0.3,0.1,1,0.03,1,0.06,1,1,0.01
"130",1.11705950497373,0.0966594019688492,0.0566396790115897,0.198678245607971,0.0338475665748393,0.967023075160267,32.1043357253656,4,1,0.2,0.3,0.1,1,0.03,1,0.06,1,1,0.03
"131",1.11705950497373,0.0966594019688492,0.0899942670072046,0.416671820422327,0.0297245179063361,0.985798005928176,31.935712363077,4,1,0.2,0.3,0.1,1,0.03,1,0.06,1,10,0.01
"132",1.11705950497373,0.0966594019688492,0.0705401537740318,0.63140071438093,0.0301928374655647,0.973136748402467,31.415413009382,4,1,0.2,0.3,0.1,1,0.03,1,0.06,1,10,0.03
"133",1.11705950497373,0.0966594019688492,0.00257450610508171,0.035253391422928,0.0256657483930211,0.803154501639239,50.0878293942861,4,1,0.6,0.3,0.1,1,0.01,1,0.06,1,0.1,0.01
"134",1.11705950497373,0.0966594019688492,0.000700061756391452,0.016528886141763,0.0227272727272727,0.805144627235474,56.0280257370514,4,1,0.6,0.3,0.1,1,0.01,1,0.06,1,0.1,0.03
"135",1.11705950497373,0.0966594019688492,0.00673374078465964,0.136137194577835,0.0158769513314968,0.97193836939897,58.7875435954847,4,1,0.6,0.3,0.1,1,0.01,1,0.06,1,1,0.01
"136",1.11705950497373,0.0966594019688492,0.0119463548174879,0.174745228436476,0.0161157024793388,0.953429638718839,60.8638316937443,4,1,0.6,0.3,0.1,1,0.01,1,0.06,1,1,0.03
"137",1.11705950497373,0.0966594019688492,0.129795423088485,0.488901210073982,0.0103856749311295,0.967832549395049,72.9816507860755,4,1,0.6,0.3,0.1,1,0.01,1,0.06,1,10,0.01
"138",1.11705950497373,0.0966594019688492,0.161581767606728,0.60294845779551,0.00968778696051423,0.936253237503238,76.0119803432436,4,1,0.6,0.3,0.1,1,0.01,1,0.06,1,10,0.03
"139",1.11705950497373,0.0966594019688492,6.91002485002804e-05,0.00656355230431795,0.0366666666666667,0.878203944489113,30.8333333333333,4,1,0.6,0.3,0.1,1,0.03,1,0.06,1,0.1,0.01
"140",1.11705950497373,0.0966594019688492,0.000108955530752608,0.00991051137265576,0.0371533516988063,0.859396690650732,29.6622222222222,4,1,0.6,0.3,0.1,1,0.03,1,0.06,1,0.1,0.03
"141",1.11705950497373,0.0966594019688492,0.000500968754977716,0.0602121497012745,0.0322956841138659,0.987100176572424,30.5841974736588,4,1,0.6,0.3,0.1,1,0.03,1,0.06,1,1,0.01
"142",1.11705950497373,0.0966594019688492,0.000900050389070487,0.0445882568114829,0.0318640955004591,0.962095584350047,30.5881070840742,4,1,0.6,0.3,0.1,1,0.03,1,0.06,1,1,0.03
"143",1.11705950497373,0.0966594019688492,0.00154197598153375,0.135437000850348,0.0286593204775023,0.988568926056123,32.0835495339583,4,1,0.6,0.3,0.1,1,0.03,1,0.06,1,10,0.01
"144",1.11705950497373,0.0966594019688492,0.00139330753751701,0.194621792955326,0.0298714416896235,0.970320176448561,31.3063313504537,4,1,0.6,0.3,0.1,1,0.03,1,0.06,1,10,0.03
"145",1.06435669996563,0.9679434203777,0.428697120022959,0.104457065172695,0.0388154269972452,0.726466934898806,32.4612943388256,5,1,0,0.3,0.1,1,0.01,1,0.06,1,0.1,0.01
"146",1.06435669996563,0.9679434203777,0.04991937492613,0.108833803612897,0.0415702479338843,0.737234686802822,28.4755197219926,5,1,0,0.3,0.1,1,0.01,1,0.06,1,0.1,0.03
"147",1.06435669996563,0.9679434203777,0.460073759794966,0.877027345311378,0.0274196510560147,0.929801415453961,37.6986270071318,5,1,0,0.3,0.1,1,0.01,1,0.06,1,1,0.01
"148",1.06435669996563,0.9679434203777,0.497683738779789,0.829179449594157,0.0263085399449036,0.914823029089459,39.7998211215317,5,1,0,0.3,0.1,1,0.01,1,0.06,1,1,0.03
"149",1.06435669996563,0.9679434203777,0.562505260815532,1.64433298044304,0.010633608815427,0.973155478780479,74.0301294419992,5,1,0,0.3,0.1,1,0.01,1,0.06,1,10,0.01
"150",1.06435669996563,0.9679434203777,0.534798623542185,1.72575218622782,0.0106978879706152,0.962056901431901,74.3609041468184,5,1,0,0.3,0.1,1,0.01,1,0.06,1,10,0.03
"151",1.06435669996563,0.9679434203777,0.0574576957139658,0.119984564241304,0.0465840220385675,0.764132902692807,22.5093881415798,5,1,0,0.3,0.1,1,0.03,1,0.06,1,0.1,0.01
"152",1.06435669996563,0.9679434203777,0.0461874551138916,0.115592734807614,0.0494031221303949,0.754727489124495,21.5977777777778,5,1,0,0.3,0.1,1,0.03,1,0.06,1,0.1,0.03
"153",1.06435669996563,0.9679434203777,0.413545057803938,0.885920674973856,0.0394123048668503,0.950094165499709,24.5453851846891,5,1,0,0.3,0.1,1,0.03,1,0.06,1,1,0.01
"154",1.06435669996563,0.9679434203777,0.377534049240352,0.86691125523179,0.0402020202020202,0.938520001609952,25.5032841408169,5,1,0,0.3,0.1,1,0.03,1,0.06,1,1,0.03
"155",1.06435669996563,0.9679434203777,0.536721854246184,1.827002183597,0.0301836547291093,0.987516448660239,30.50028019971,5,1,0,0.3,0.1,1,0.03,1,0.06,1,10,0.01
"156",1.06435669996563,0.9679434203777,0.441221621577322,1.88434967210141,0.0306611570247934,0.969687583766678,30.1375442423889,5,1,0,0.3,0.1,1,0.03,1,0.06,1,10,0.03
"157",1.06435669996563,0.9679434203777,0.0122236177502783,0.043402597720089,0.0284205693296602,0.802278831692134,42.9691374684936,5,1,0.2,0.3,0.1,1,0.01,1,0.06,1,0.1,0.01
"158",1.06435669996563,0.9679434203777,0.0145410899027884,0.0409199760866283,0.0282644628099174,0.819741706619555,45.231342650965,5,1,0.2,0.3,0.1,1,0.01,1,0.06,1,0.1,0.03
"159",1.06435669996563,0.9679434203777,0.132858871840192,0.331311529629381,0.0185399449035813,0.961622230594711,53.4438914582322,5,1,0.2,0.3,0.1,1,0.01,1,0.06,1,1,0.01
"160",1.06435669996563,0.9679434203777,0.0849690517051118,0.318851921549545,0.0183379247015611,0.941897615657146,52.964845676846,5,1,0.2,0.3,0.1,1,0.01,1,0.06,1,1,0.03
"161",1.06435669996563,0.9679434203777,0.220358481692668,0.877851199360112,0.0100275482093664,0.975263856513856,74.8941849872137,5,1,0.2,0.3,0.1,1,0.01,1,0.06,1,10,0.01
"162",1.06435669996563,0.9679434203777,0.241193083573292,1.04078597219331,0.0105417814508724,0.954001854626855,72.1655506782046,5,1,0.2,0.3,0.1,1,0.01,1,0.06,1,10,0.03
"163",1.06435669996563,0.9679434203777,0.00681039569655819,0.040932097439255,0.0401928374655647,0.856118333141561,27.5881447814383,5,1,0.2,0.3,0.1,1,0.03,1,0.06,1,0.1,0.01
"164",1.06435669996563,0.9679434203777,0.00635485016341279,0.0343135079961815,0.0411845730027548,0.851774019811096,27.051523030854,5,1,0.2,0.3,0.1,1,0.03,1,0.06,1,0.1,0.03
"165",1.06435669996563,0.9679434203777,0.0781474059499078,0.210002316140719,0.0330119375573921,0.972487125999107,31.719432332078,5,1,0.2,0.3,0.1,1,0.03,1,0.06,1,1,0.01
"166",1.06435669996563,0.9679434203777,0.0456096792554823,0.203618367770066,0.0339393939393939,0.954431685880382,29.2325527760255,5,1,0.2,0.3,0.1,1,0.03,1,0.06,1,1,0.03
"167",1.06435669996563,0.9679434203777,0.0668542580921755,0.461023519267476,0.0303673094582185,0.990469990263507,31.4036362142075,5,1,0.2,0.3,0.1,1,0.03,1,0.06,1,10,0.01
"168",1.06435669996563,0.9679434203777,0.0730527789248297,0.764992191403454,0.0301652892561983,0.971167725449694,31.4682498819635,5,1,0.2,0.3,0.1,1,0.03,1,0.06,1,10,0.03
"169",1.06435669996563,0.9679434203777,0.00081724591327292,0.0259927023121524,0.0206060606060606,0.806009241850424,57.1087480518879,5,1,0.6,0.3,0.1,1,0.01,1,0.06,1,0.1,0.01
"170",1.06435669996563,0.9679434203777,0.000681761559535981,0.0151549945595597,0.0213682277318641,0.808083544119847,59.2484928285589,5,1,0.6,0.3,0.1,1,0.01,1,0.06,1,0.1,0.03
"171",1.06435669996563,0.9679434203777,0.00987588501326256,0.167668643336214,0.0160606060606061,0.950803600770633,58.7314740083851,5,1,0.6,0.3,0.1,1,0.01,1,0.06,1,1,0.01
"172",1.06435669996563,0.9679434203777,0.0104903722246925,0.150252633996684,0.0147750229568411,0.945179042260726,64.5164156012443,5,1,0.6,0.3,0.1,1,0.01,1,0.06,1,1,0.03
"173",1.06435669996563,0.9679434203777,0.0687120467241028,0.635306710213406,0.00982552800734619,0.963798400673401,76.0191561626172,5,1,0.6,0.3,0.1,1,0.01,1,0.06,1,10,0.01
"174",1.06435669996563,0.9679434203777,0.0909439432581579,0.63364575691274,0.00991735537190083,0.946946965071965,75.9451555693339,5,1,0.6,0.3,0.1,1,0.01,1,0.06,1,10,0.03
"175",1.06435669996563,0.9679434203777,2.5426040229112e-05,0.00808949369368841,0.0356932966023875,0.864746405024792,31.6758689301305,5,1,0.6,0.3,0.1,1,0.03,1,0.06,1,0.1,0.01
"176",1.06435669996563,0.9679434203777,6.3546590102322e-05,0.015520630308467,0.0362258953168044,0.858261287314341,30.6764067474034,5,1,0.6,0.3,0.1,1,0.03,1,0.06,1,0.1,0.03
"177",1.06435669996563,0.9679434203777,0.000505537343028655,0.0472057861784479,0.0318457300275482,0.975481252362758,30.942761102798,5,1,0.6,0.3,0.1,1,0.03,1,0.06,1,1,0.01
"178",1.06435669996563,0.9679434203777,0.000599421013065852,0.0470617752758499,0.0329660238751148,0.957547032439327,28.6940055952498,5,1,0.6,0.3,0.1,1,0.03,1,0.06,1,1,0.03
"179",1.06435669996563,0.9679434203777,0.000749290376093088,0.17198717661356,0.029862258953168,0.985332083381703,32.6435549252388,5,1,0.6,0.3,0.1,1,0.03,1,0.06,1,10,0.01
"180",1.06435669996563,0.9679434203777,0.00100239014758928,0.221443695492355,0.0292837465564738,0.971830931513196,32.7230412212497,5,1,0.6,0.3,0.1,1,0.03,1,0.06,1,10,0.03
"181",2.21468540174688,9.65949724603555,0.0414537107524778,0.10327451036944,0.0384297520661157,0.699122545639253,31.7366666666667,6,1,0,0.3,0.1,1,0.01,1,0.06,1,0.1,0.01
"182",2.21468540174688,9.65949724603555,0.0516435451199598,0.233297983156558,0.0412304866850321,0.675759445965908,29.1606390087265,6,1,0,0.3,0.1,1,0.01,1,0.06,1,0.1,0.03
"183",2.21468540174688,9.65949724603555,0.634905524885408,0.8833485068617,0.0315335169880624,0.794896277837034,36.4368706444843,6,1,0,0.3,0.1,1,0.01,1,0.06,1,1,0.01
"184",2.21468540174688,9.65949724603555,0.444701950688547,0.893915236545999,0.0324334251606979,0.790007505631244,36.1805364744694,6,1,0,0.3,0.1,1,0.01,1,0.06,1,1,0.03
"185",2.21468540174688,9.65949724603555,3.37444580293865,7.40291475643757,0.022653810835629,0.958402427795812,47.3313385794292,6,1,0,0.3,0.1,1,0.01,1,0.06,1,10,0.01
"186",2.21468540174688,9.65949724603555,3.02485424660949,7.17312551205097,0.0221212121212121,0.953899183019656,48.1424940343508,6,1,0,0.3,0.1,1,0.01,1,0.06,1,10,0.03
"187",2.21468540174688,9.65949724603555,0.0490357851599255,0.123383779523797,0.048989898989899,0.703242400176236,22.5888888888889,6,1,0,0.3,0.1,1,0.03,1,0.06,1,0.1,0.01
"188",2.21468540174688,9.65949724603555,0.0457985850881565,0.110290968854344,0.0477502295684114,0.72177074422529,22.0866666666667,6,1,0,0.3,0.1,1,0.03,1,0.06,1,0.1,0.03
"189",2.21468540174688,9.65949724603555,0.483177504883901,1.03648570073159,0.0448301193755739,0.837657601113747,23.3478146028931,6,1,0,0.3,0.1,1,0.03,1,0.06,1,1,0.01
"190",2.21468540174688,9.65949724603555,0.45551654853161,0.845098731592372,0.0432139577594123,0.828913701705755,25.3266666666667,6,1,0,0.3,0.1,1,0.03,1,0.06,1,1,0.03
"191",2.21468540174688,9.65949724603555,3.37365532679588,7.24161797685157,0.0373921028466483,0.976531264132312,26.6122354393285,6,1,0,0.3,0.1,1,0.03,1,0.06,1,10,0.01
"192",2.21468540174688,9.65949724603555,3.73312123251596,6.594066692061,0.0366207529843893,0.964346343890023,25.3210792031186,6,1,0,0.3,0.1,1,0.03,1,0.06,1,10,0.03
"193",2.21468540174688,9.65949724603555,0.0159982824542341,0.0360400897035747,0.0247750229568411,0.748585792376268,50.5484022441379,6,1,0.2,0.3,0.1,1,0.01,1,0.06,1,0.1,0.01
"194",2.21468540174688,9.65949724603555,0.00932312359503658,0.0332211732121186,0.0247107438016529,0.7338657125563,50.491694917026,6,1,0.2,0.3,0.1,1,0.01,1,0.06,1,0.1,0.03
"195",2.21468540174688,9.65949724603555,0.0954242380376995,0.335896108388262,0.0213314967860422,0.808382222266836,51.2945759457371,6,1,0.2,0.3,0.1,1,0.01,1,0.06,1,1,0.01
"196",2.21468540174688,9.65949724603555,0.0856034817337936,0.350585584413377,0.0214876033057851,0.806938405919079,53.9472667655344,6,1,0.2,0.3,0.1,1,0.01,1,0.06,1,1,0.03
"197",2.21468540174688,9.65949724603555,0.778063154482917,2.67121452402906,0.0162350780532599,0.973633978446543,57.0834154965665,6,1,0.2,0.3,0.1,1,0.01,1,0.06,1,10,0.01
"198",2.21468540174688,9.65949724603555,0.679419061030453,2.87860527329363,0.0151331496786042,0.949799424272402,60.5425791645593,6,1,0.2,0.3,0.1,1,0.01,1,0.06,1,10,0.03
"199",2.21468540174688,9.65949724603555,0.00648181238351099,0.048849975905775,0.0394123048668503,0.796774832788266,28.871545010407,6,1,0.2,0.3,0.1,1,0.03,1,0.06,1,0.1,0.01
"200",2.21468540174688,9.65949724603555,0.0064399690107394,0.0267730332580986,0.0400642791551882,0.798799263119046,27.8666666666667,6,1,0.2,0.3,0.1,1,0.03,1,0.06,1,0.1,0.03
"201",2.21468540174688,9.65949724603555,0.0531068640594238,0.20837721554385,0.035564738292011,0.864163059265736,29.2942701318295,6,1,0.2,0.3,0.1,1,0.03,1,0.06,1,1,0.01
"202",2.21468540174688,9.65949724603555,0.0386622363029635,0.207457036010667,0.0359320477502296,0.848479897682364,28.9655923806708,6,1,0.2,0.3,0.1,1,0.03,1,0.06,1,1,0.03
"203",2.21468540174688,9.65949724603555,0.335532663826071,1.74800903903403,0.0320752984389348,0.983413302008405,31.2053331279016,6,1,0.2,0.3,0.1,1,0.03,1,0.06,1,10,0.01
"204",2.21468540174688,9.65949724603555,0.273448669970384,1.62383538828892,0.0331588613406795,0.963103310385136,29.5896564050243,6,1,0.2,0.3,0.1,1,0.03,1,0.06,1,10,0.03
"205",2.21468540174688,9.65949724603555,0.000426217353310339,0.0112735482711637,0.0190266299357208,0.733952262065055,61.4443093051063,6,1,0.6,0.3,0.1,1,0.01,1,0.06,1,0.1,0.01
"206",2.21468540174688,9.65949724603555,0.000209456210023347,0.0987215434610234,0.0193480257116621,0.738249158198125,59.5899189169822,6,1,0.6,0.3,0.1,1,0.01,1,0.06,1,0.1,0.03
"207",2.21468540174688,9.65949724603555,0.00265371185445739,0.0944970136394922,0.0168227731864096,0.775151196932587,62.8104241120402,6,1,0.6,0.3,0.1,1,0.01,1,0.06,1,1,0.01
"208",2.21468540174688,9.65949724603555,0.00255026796387538,0.111193944014066,0.0173094582185491,0.795719917178273,61.857195152,6,1,0.6,0.3,0.1,1,0.01,1,0.06,1,1,0.03
"209",2.21468540174688,9.65949724603555,0.0476717004984764,1.45043158201344,0.0131772268135905,0.97141318344395,66.5081792144712,6,1,0.6,0.3,0.1,1,0.01,1,0.06,1,10,0.01
"210",2.21468540174688,9.65949724603555,0.0289242327419345,1.3962670803548,0.0131404958677686,0.950129495905425,66.2946006074697,6,1,0.6,0.3,0.1,1,0.01,1,0.06,1,10,0.03
"211",2.21468540174688,9.65949724603555,1.38605016671942e-05,0.0105693357502023,0.0351974288337925,0.818521329693187,30.7104508176065,6,1,0.6,0.3,0.1,1,0.03,1,0.06,1,0.1,0.01
"212",2.21468540174688,9.65949724603555,2.6795271999804e-05,0.116374778376234,0.0354637281910009,0.807837208147723,30.0296689305355,6,1,0.6,0.3,0.1,1,0.03,1,0.06,1,0.1,0.03
"213",2.21468540174688,9.65949724603555,0.000111185486231685,0.0366291492237221,0.033406795224977,0.856398042604491,30.1944444444444,6,1,0.6,0.3,0.1,1,0.03,1,0.06,1,1,0.01
"214",2.21468540174688,9.65949724603555,0.000104442504728602,0.0527114108552432,0.0329384756657484,0.852860873060888,32.8543141954842,6,1,0.6,0.3,0.1,1,0.03,1,0.06,1,1,0.03
"215",2.21468540174688,9.65949724603555,0.00149832053435413,0.321487910879132,0.0303673094582185,0.98110630213876,31.3361642899987,6,1,0.6,0.3,0.1,1,0.03,1,0.06,1,10,0.01
"216",2.21468540174688,9.65949724603555,0.00140882596441964,0.565550776722001,0.0303673094582185,0.962869199362498,30.8771925025867,6,1,0.6,0.3,0.1,1,0.03,1,0.06,1,10,0.03
"217",1.30113762374905,0.103162780589215,0.135160287721328,0.170521537845381,0.0432323232323232,0.719187432893818,25.4013639585557,7,1,0,0.3,0.1,1,0.01,1,0.06,1,0.1,0.01
"218",1.30113762374905,0.103162780589215,0.139159168639631,0.181472762337461,0.0419559228650138,0.737677158316884,23.8022222222222,7,1,0,0.3,0.1,1,0.01,1,0.06,1,0.1,0.03
"219",1.30113762374905,0.103162780589215,0.740265219398221,0.945779493449564,0.0286501377410468,0.923449251655671,34.5351242934316,7,1,0,0.3,0.1,1,0.01,1,0.06,1,1,0.01
"220",1.30113762374905,0.103162780589215,0.697182996355297,0.918755299822759,0.0307621671258035,0.917438013179374,33.9019834705446,7,1,0,0.3,0.1,1,0.01,1,0.06,1,1,0.03
"221",1.30113762374905,0.103162780589215,0.962323487785622,1.72899541281721,0.0106519742883379,0.974893694268694,71.1440443019738,7,1,0,0.3,0.1,1,0.01,1,0.06,1,10,0.01
"222",1.30113762374905,0.103162780589215,0.867118408493336,1.77665535850738,0.010514233241506,0.950148925148925,73.3834603116225,7,1,0,0.3,0.1,1,0.01,1,0.06,1,10,0.03
"223",1.30113762374905,0.103162780589215,0.0677293789182205,0.186740826503656,0.0488980716253444,0.73882868799226,20.703104372278,7,1,0,0.3,0.1,1,0.03,1,0.06,1,0.1,0.01
"224",1.30113762374905,0.103162780589215,0.0855174823081975,0.156374723429852,0.0514784205693297,0.746156816718837,19.4345982854946,7,1,0,0.3,0.1,1,0.03,1,0.06,1,0.1,0.03
"225",1.30113762374905,0.103162780589215,0.584956308728977,0.878783328850078,0.041386593204775,0.939287849569182,23.3927313855245,7,1,0,0.3,0.1,1,0.03,1,0.06,1,1,0.01
"226",1.30113762374905,0.103162780589215,0.60862350861193,0.937362242343572,0.0409090909090909,0.926566893469909,21.988363325515,7,1,0,0.3,0.1,1,0.03,1,0.06,1,1,0.03
"227",1.30113762374905,0.103162780589215,0.764267728236322,1.79842599181189,0.0303856749311295,0.98674080975862,31.8379562823857,7,1,0,0.3,0.1,1,0.03,1,0.06,1,10,0.01
"228",1.30113762374905,0.103162780589215,0.62783196821931,2.07390996874277,0.0300918273645546,0.962905709141672,32.7099260350885,7,1,0,0.3,0.1,1,0.03,1,0.06,1,10,0.03
"229",1.30113762374905,0.103162780589215,0.0275943071191874,0.0571381562501668,0.0310284664830119,0.79907129661778,41.8555411646129,7,1,0.2,0.3,0.1,1,0.01,1,0.06,1,0.1,0.01
"230",1.30113762374905,0.103162780589215,0.0249853181644332,0.0490895356560056,0.0310927456382002,0.796124372419658,40.3275870695278,7,1,0.2,0.3,0.1,1,0.01,1,0.06,1,0.1,0.03
"231",1.30113762374905,0.103162780589215,0.180114789499296,0.354342196056577,0.0191368227731864,0.963217933406064,54.5720203730429,7,1,0.2,0.3,0.1,1,0.01,1,0.06,1,1,0.01
"232",1.30113762374905,0.103162780589215,0.15178968617953,0.347080871476549,0.0194490358126722,0.955101188567383,52.5047488939852,7,1,0.2,0.3,0.1,1,0.01,1,0.06,1,1,0.03
"233",1.30113762374905,0.103162780589215,0.299351119887367,0.879266339616953,0.0103305785123967,0.971540720488089,72.342950592007,7,1,0.2,0.3,0.1,1,0.01,1,0.06,1,10,0.01
"234",1.30113762374905,0.103162780589215,0.392278242921358,0.919664014205355,0.0103948576675849,0.957415235227735,73.9863154542783,7,1,0.2,0.3,0.1,1,0.01,1,0.06,1,10,0.03
"235",1.30113762374905,0.103162780589215,0.0105995494875475,0.0360108374071937,0.0413498622589532,0.836539264572624,26.9266666666667,7,1,0.2,0.3,0.1,1,0.03,1,0.06,1,0.1,0.01
"236",1.30113762374905,0.103162780589215,0.0128336364355006,0.0491314993452576,0.0416712580348944,0.835858197941523,26.328174733104,7,1,0.2,0.3,0.1,1,0.03,1,0.06,1,0.1,0.03
"237",1.30113762374905,0.103162780589215,0.0715627531021255,0.23119315467429,0.0336363636363636,0.981497194821015,30.3306142778871,7,1,0.2,0.3,0.1,1,0.03,1,0.06,1,1,0.01
"238",1.30113762374905,0.103162780589215,0.0759684035104484,0.230826991540253,0.0338200183654729,0.96356631445786,30.6745779686868,7,1,0.2,0.3,0.1,1,0.03,1,0.06,1,1,0.03
"239",1.30113762374905,0.103162780589215,0.0882018294560313,0.539727471641534,0.030771349862259,0.988927494242029,29.6002165485589,7,1,0.2,0.3,0.1,1,0.03,1,0.06,1,10,0.01
"240",1.30113762374905,0.103162780589215,0.0816732166068554,0.798783707995072,0.0294674012855831,0.967392638799815,31.7273238021768,7,1,0.2,0.3,0.1,1,0.03,1,0.06,1,10,0.03
"241",1.30113762374905,0.103162780589215,0.00085591538481141,0.0176688903066371,0.0229384756657484,0.798719706491204,54.3320683709293,7,1,0.6,0.3,0.1,1,0.01,1,0.06,1,0.1,0.01
"242",1.30113762374905,0.103162780589215,0.000975140800347281,0.0206177324197023,0.0231955922865014,0.804967419431253,55.4404293766703,7,1,0.6,0.3,0.1,1,0.01,1,0.06,1,0.1,0.03
"243",1.30113762374905,0.103162780589215,0.00653125159917993,0.173845122548262,0.0163269054178145,0.970231983941359,61.2902599793164,7,1,0.6,0.3,0.1,1,0.01,1,0.06,1,1,0.01
"244",1.30113762374905,0.103162780589215,0.00854755128166236,0.163269380117257,0.0161432506887052,0.949521302867107,59.4817477565136,7,1,0.6,0.3,0.1,1,0.01,1,0.06,1,1,0.03
"245",1.30113762374905,0.103162780589215,0.170253847960897,0.586019119821969,0.010119375573921,0.974243507717772,73.6823447452397,7,1,0.6,0.3,0.1,1,0.01,1,0.06,1,10,0.01
"246",1.30113762374905,0.103162780589215,0.192008021389027,0.574413934781004,0.0100183654729109,0.951258174695675,73.3233689490279,7,1,0.6,0.3,0.1,1,0.01,1,0.06,1,10,0.03
"247",1.30113762374905,0.103162780589215,0.000154480407605073,0.009262896606574,0.0368044077134986,0.867683754623887,30.1511111111111,7,1,0.6,0.3,0.1,1,0.03,1,0.06,1,0.1,0.01
"248",1.30113762374905,0.103162780589215,6.90904392006601e-05,0.0139500997542061,0.0366207529843893,0.856966435340253,30.752588595741,7,1,0.6,0.3,0.1,1,0.03,1,0.06,1,0.1,0.03
"249",1.30113762374905,0.103162780589215,0.000495983164076543,0.0689355443692007,0.0319559228650138,0.983420209913406,31.6597564367431,7,1,0.6,0.3,0.1,1,0.03,1,0.06,1,1,0.01
"250",1.30113762374905,0.103162780589215,0.000381210063435463,0.0396753494736137,0.0327089072543618,0.966677878246016,31.3149235254964,7,1,0.6,0.3,0.1,1,0.03,1,0.06,1,1,0.03
"251",1.30113762374905,0.103162780589215,0.00139984673492373,0.169770798731224,0.0301285583103765,0.989324751654719,31.4898605599256,7,1,0.6,0.3,0.1,1,0.03,1,0.06,1,10,0.01
"252",1.30113762374905,0.103162780589215,0.00248319723080207,0.218233634737237,0.0302662993572085,0.970447948198051,31.0144451323722,7,1,0.6,0.3,0.1,1,0.03,1,0.06,1,10,0.03
"253",1.13718556414962,0.973862068570396,0.0619979866308875,0.113208829613742,0.0414784205693297,0.734855572889189,28.5333333333333,8,1,0,0.3,0.1,1,0.01,1,0.06,1,0.1,0.01
"254",1.13718556414962,0.973862068570396,0.0821366387002022,0.162223810446633,0.0465840220385675,0.711728723155246,21.3195373461126,8,1,0,0.3,0.1,1,0.01,1,0.06,1,0.1,0.03
"255",1.13718556414962,0.973862068570396,0.454862780120196,0.909456100152357,0.0281359044995409,0.930815207730657,36.6858846948822,8,1,0,0.3,0.1,1,0.01,1,0.06,1,1,0.01
"256",1.13718556414962,0.973862068570396,0.433068543900658,0.868728885170066,0.0274839302112029,0.919111887818626,40.6295740554757,8,1,0,0.3,0.1,1,0.01,1,0.06,1,1,0.03
"257",1.13718556414962,0.973862068570396,0.586033750577128,2.00366343502019,0.0109733700642792,0.961498038998039,70.0343385415172,8,1,0,0.3,0.1,1,0.01,1,0.06,1,10,0.01
"258",1.13718556414962,0.973862068570396,0.525758232471678,2.11761945521137,0.0107897153351699,0.950440078210976,69.7712210179579,8,1,0,0.3,0.1,1,0.01,1,0.06,1,10,0.03
"259",1.13718556414962,0.973862068570396,0.0680117523673676,0.11656732885993,0.049247015610652,0.781923608118749,22.0739520520021,8,1,0,0.3,0.1,1,0.03,1,0.06,1,0.1,0.01
"260",1.13718556414962,0.973862068570396,0.0522903939406131,0.134591900839406,0.0485215794306703,0.757886293174582,20.7966666666667,8,1,0,0.3,0.1,1,0.03,1,0.06,1,0.1,0.03
"261",1.13718556414962,0.973862068570396,0.466790959489189,0.863999638593365,0.0401285583103765,0.946407129047086,25.3940614386681,8,1,0,0.3,0.1,1,0.03,1,0.06,1,1,0.01
"262",1.13718556414962,0.973862068570396,0.500394220762956,0.794618813489535,0.0402203856749311,0.935130149268649,24.5231653645024,8,1,0,0.3,0.1,1,0.03,1,0.06,1,1,0.03
"263",1.13718556414962,0.973862068570396,0.577331570542321,1.91517607443389,0.0304775022956841,0.98518512287501,32.4746993452416,8,1,0,0.3,0.1,1,0.03,1,0.06,1,10,0.01
"264",1.13718556414962,0.973862068570396,0.50201254048755,2.03355067756624,0.030257116620753,0.969420965641587,33.6087269795402,8,1,0,0.3,0.1,1,0.03,1,0.06,1,10,0.03
"265",1.13718556414962,0.973862068570396,0.0144990057466287,0.0388656867413778,0.0285123966942149,0.812437172707868,44.6287703712876,8,1,0.2,0.3,0.1,1,0.01,1,0.06,1,0.1,0.01
"266",1.13718556414962,0.973862068570396,0.0121576727280958,0.0437202802423914,0.0278145087235996,0.789695373829522,47.6739115243793,8,1,0.2,0.3,0.1,1,0.01,1,0.06,1,0.1,0.03
"267",1.13718556414962,0.973862068570396,0.131474998556425,0.337998493395481,0.0179247015610652,0.95152268262562,56.1740946170498,8,1,0.2,0.3,0.1,1,0.01,1,0.06,1,1,0.01
"268",1.13718556414962,0.973862068570396,0.11271832497375,0.32214892555246,0.0181634527089073,0.950579934054715,56.7347273128329,8,1,0.2,0.3,0.1,1,0.01,1,0.06,1,1,0.03
"269",1.13718556414962,0.973862068570396,0.2594939520031,0.90171142100924,0.0102938475665748,0.973496238179742,72.2122737766148,8,1,0.2,0.3,0.1,1,0.01,1,0.06,1,10,0.01
"270",1.13718556414962,0.973862068570396,0.326316232922244,1.02916337427735,0.0104132231404959,0.945727582602583,72.7516131398301,8,1,0.2,0.3,0.1,1,0.01,1,0.06,1,10,0.03
"271",1.13718556414962,0.973862068570396,0.00918078724333437,0.0315770093692634,0.0403856749311295,0.846817278345821,26.8856339228185,8,1,0.2,0.3,0.1,1,0.03,1,0.06,1,0.1,0.01
"272",1.13718556414962,0.973862068570396,0.00500453079195531,0.0268815792878049,0.0414692378328742,0.840604618379313,26.8366282264906,8,1,0.2,0.3,0.1,1,0.03,1,0.06,1,0.1,0.03
"273",1.13718556414962,0.973862068570396,0.05235975399108,0.202850819159393,0.0335812672176309,0.969260766762228,28.9500503091136,8,1,0.2,0.3,0.1,1,0.03,1,0.06,1,1,0.01
"274",1.13718556414962,0.973862068570396,0.0518337521290486,0.201746085266974,0.0337465564738292,0.957543777537411,28.6995180628439,8,1,0.2,0.3,0.1,1,0.03,1,0.06,1,1,0.03
"275",1.13718556414962,0.973862068570396,0.0473721879395622,0.565192912530903,0.0301836547291093,0.989592303158758,32.8422680761212,8,1,0.2,0.3,0.1,1,0.03,1,0.06,1,10,0.01
"276",1.13718556414962,0.973862068570396,0.0751699593212578,0.724140571970798,0.0308172635445363,0.969495648396738,30.544754537066,8,1,0.2,0.3,0.1,1,0.03,1,0.06,1,10,0.03
"277",1.13718556414962,0.973862068570396,0.000649965437207039,0.0208257605908289,0.0211570247933884,0.797474073544585,56.6811606192576,8,1,0.6,0.3,0.1,1,0.01,1,0.06,1,0.1,0.01
"278",1.13718556414962,0.973862068570396,0.000298823853456701,0.0192729797297911,0.0203581267217631,0.793535411885198,56.8735447560288,8,1,0.6,0.3,0.1,1,0.01,1,0.06,1,0.1,0.03
"279",1.13718556414962,0.973862068570396,0.00872317036688244,0.174582422017086,0.015307621671258,0.947750731602394,61.3914448974545,8,1,0.6,0.3,0.1,1,0.01,1,0.06,1,1,0.01
"280",1.13718556414962,0.973862068570396,0.00914507166026153,0.145809339814872,0.0152249770431589,0.939523876150644,60.3324884363323,8,1,0.6,0.3,0.1,1,0.01,1,0.06,1,1,0.03
"281",1.13718556414962,0.973862068570396,0.121899512743222,0.626895899713889,0.0100091827364555,0.974756516631517,71.9344900777223,8,1,0.6,0.3,0.1,1,0.01,1,0.06,1,10,0.01
"282",1.13718556414962,0.973862068570396,0.0690080941917849,0.596593937391103,0.00998163452708907,0.955255577755578,75.6476235704574,8,1,0.6,0.3,0.1,1,0.01,1,0.06,1,10,0.03
"283",1.13718556414962,0.973862068570396,4.69859090455525e-05,0.00537926421362636,0.0366574839302112,0.878196060460107,29.7722222222222,8,1,0.6,0.3,0.1,1,0.03,1,0.06,1,0.1,0.01
"284",1.13718556414962,0.973862068570396,5.89780502103504e-05,0.00723404926094368,0.0359779614325069,0.867434161703665,31.1046026972412,8,1,0.6,0.3,0.1,1,0.03,1,0.06,1,0.1,0.03
"285",1.13718556414962,0.973862068570396,0.000300599897397179,0.0498613822932262,0.0326262626262626,0.9734494425546,31.7616086742999,8,1,0.6,0.3,0.1,1,0.03,1,0.06,1,1,0.01
"286",1.13718556414962,0.973862068570396,0.000253284884419534,0.0571594688979767,0.0327364554637282,0.955768663473643,29.9933376928582,8,1,0.6,0.3,0.1,1,0.03,1,0.06,1,1,0.03
"287",1.13718556414962,0.973862068570396,0.000838373928546167,0.177484279222647,0.0297520661157025,0.990922342404912,30.9588393396757,8,1,0.6,0.3,0.1,1,0.03,1,0.06,1,10,0.01
"288",1.13718556414962,0.973862068570396,0.00100065571352653,0.275965657754816,0.0296602387511478,0.971387343733406,32.2419665950315,8,1,0.6,0.3,0.1,1,0.03,1,0.06,1,10,0.03
"289",2.73288868832854,10.2274565811072,0.0459874527594784,0.113548357986081,0.0419100091827365,0.6867578647445,27.5433333333333,9,1,0,0.3,0.1,1,0.01,1,0.06,1,0.1,0.01
"290",2.73288868832854,10.2274565811072,0.0806202293785242,0.176349496794069,0.042910927456382,0.666779340414283,24.8869186290856,9,1,0,0.3,0.1,1,0.01,1,0.06,1,0.1,0.03
"291",2.73288868832854,10.2274565811072,0.483383727207668,0.940488150299519,0.0328741965105601,0.802499249500984,35.2346993831429,9,1,0,0.3,0.1,1,0.01,1,0.06,1,1,0.01
"292",2.73288868832854,10.2274565811072,0.408344771767266,1.06517942290504,0.0347658402203857,0.795267964668435,35.250023129764,9,1,0,0.3,0.1,1,0.01,1,0.06,1,1,0.03
"293",2.73288868832854,10.2274565811072,3.3942237131994,7.88964512141861,0.0233149678604224,0.965361923167542,47.0281966974618,9,1,0,0.3,0.1,1,0.01,1,0.06,1,10,0.01
"294",2.73288868832854,10.2274565811072,3.35865504729785,7.89225397632805,0.0230578512396694,0.9525237151745,47.9384418567962,9,1,0,0.3,0.1,1,0.01,1,0.06,1,10,0.03
"295",2.73288868832854,10.2274565811072,0.0606239759528285,0.142310656134745,0.0494674012855831,0.683794926821948,20.9111111111111,9,1,0,0.3,0.1,1,0.03,1,0.06,1,0.1,0.01
"296",2.73288868832854,10.2274565811072,0.0362938824757048,0.13706859942241,0.0499632690541781,0.677938574995146,19.6433333333333,9,1,0,0.3,0.1,1,0.03,1,0.06,1,0.1,0.03
"297",2.73288868832854,10.2274565811072,0.45923502281992,0.906619255441668,0.0429476584022039,0.824152669687157,24.4202432961523,9,1,0,0.3,0.1,1,0.03,1,0.06,1,1,0.01
"298",2.73288868832854,10.2274565811072,0.51085543889612,0.880406160256593,0.0427456382001837,0.819391497447684,23.7567627694732,9,1,0,0.3,0.1,1,0.03,1,0.06,1,1,0.03
"299",2.73288868832854,10.2274565811072,3.82284204802377,7.75842942370858,0.0379889807162534,0.973314422160516,26.5294848348792,9,1,0,0.3,0.1,1,0.03,1,0.06,1,10,0.01
"300",2.73288868832854,10.2274565811072,3.33280712846668,7.32093213578839,0.0373921028466483,0.962341309574198,26.4527392784099,9,1,0,0.3,0.1,1,0.03,1,0.06,1,10,0.03
"301",2.73288868832854,10.2274565811072,0.0130690651943223,0.0791091820068568,0.027603305785124,0.75189028847282,46.9394883145383,9,1,0.2,0.3,0.1,1,0.01,1,0.06,1,0.1,0.01
"302",2.73288868832854,10.2274565811072,0.0091599867889448,0.0514942541960399,0.0259504132231405,0.742253405700357,47.8550415774989,9,1,0.2,0.3,0.1,1,0.01,1,0.06,1,0.1,0.03
"303",2.73288868832854,10.2274565811072,0.0992913698260749,0.334971904642079,0.022157943067034,0.811007258773204,51.2014550010455,9,1,0.2,0.3,0.1,1,0.01,1,0.06,1,1,0.01
"304",2.73288868832854,10.2274565811072,0.0864257543566858,0.317951548504274,0.0210743801652893,0.783717229169927,54.7015431941931,9,1,0.2,0.3,0.1,1,0.01,1,0.06,1,1,0.03
"305",2.73288868832854,10.2274565811072,0.853753631736637,2.85891243849023,0.0155831037649219,0.963265650312157,58.8287319748949,9,1,0.2,0.3,0.1,1,0.01,1,0.06,1,10,0.01
"306",2.73288868832854,10.2274565811072,0.893053137144466,2.70410410007006,0.0165105601469238,0.954538230359513,56.2956661866278,9,1,0.2,0.3,0.1,1,0.01,1,0.06,1,10,0.03
"307",2.73288868832854,10.2274565811072,0.00540060059435605,0.0652061508431252,0.0401928374655647,0.798838555078393,27.9660175495397,9,1,0.2,0.3,0.1,1,0.03,1,0.06,1,0.1,0.01
"308",2.73288868832854,10.2274565811072,0.00614155005198589,0.0268882345011215,0.0391276400367309,0.788020716077233,27.0244444444444,9,1,0.2,0.3,0.1,1,0.03,1,0.06,1,0.1,0.03
"309",2.73288868832854,10.2274565811072,0.0354886860737758,0.309618475934924,0.0360973370064279,0.864565083451936,30.3976271499103,9,1,0.2,0.3,0.1,1,0.03,1,0.06,1,1,0.01
"310",2.73288868832854,10.2274565811072,0.0436268227629702,0.216644660029522,0.0364921946740129,0.85389591296199,29.2357086559683,9,1,0.2,0.3,0.1,1,0.03,1,0.06,1,1,0.03
"311",2.73288868832854,10.2274565811072,0.287887647462667,1.57902950912213,0.0320661157024793,0.97884105135592,30.6196034806593,9,1,0.2,0.3,0.1,1,0.03,1,0.06,1,10,0.01
"312",2.73288868832854,10.2274565811072,0.422296832843895,1.66479410569292,0.032020202020202,0.960569359518713,30.4005857522101,9,1,0.2,0.3,0.1,1,0.03,1,0.06,1,10,0.03
"313",2.73288868832854,10.2274565811072,0.000697616937535321,0.0575134500704793,0.0198530762167126,0.725120973178824,58.3604040050885,9,1,0.6,0.3,0.1,1,0.01,1,0.06,1,0.1,0.01
"314",2.73288868832854,10.2274565811072,0.000373746313550416,0.0104263120663203,0.0189623507805326,0.728643151342116,61.5666523403633,9,1,0.6,0.3,0.1,1,0.01,1,0.06,1,0.1,0.03
"315",2.73288868832854,10.2274565811072,0.00399205590771309,0.093436139462619,0.0176124885215794,0.783557231519555,61.8984871093555,9,1,0.6,0.3,0.1,1,0.01,1,0.06,1,1,0.01
"316",2.73288868832854,10.2274565811072,0.00285129627181963,0.140921310589527,0.0174104683195592,0.765882059842524,60.4889687026017,9,1,0.6,0.3,0.1,1,0.01,1,0.06,1,1,0.03
"317",2.73288868832854,10.2274565811072,0.0459168407526762,1.39041411652699,0.01366391184573,0.975364005159833,63.8463980979169,9,1,0.6,0.3,0.1,1,0.01,1,0.06,1,10,0.01
"318",2.73288868832854,10.2274565811072,0.0495182775325532,1.29132502707078,0.0138383838383838,0.953007675110185,62.2490597568264,9,1,0.6,0.3,0.1,1,0.01,1,0.06,1,10,0.03
"319",2.73288868832854,10.2274565811072,2.57330525014767e-05,0.0055337766185139,0.0347199265381084,0.808581495240065,31.4978085572684,9,1,0.6,0.3,0.1,1,0.03,1,0.06,1,0.1,0.01
"320",2.73288868832854,10.2274565811072,7.83135615733803e-06,0.0042811084055546,0.0355831037649219,0.804412297462798,29.86,9,1,0.6,0.3,0.1,1,0.03,1,0.06,1,0.1,0.03
"321",2.73288868832854,10.2274565811072,0.000137111319800147,0.0466294786191566,0.0340128558310376,0.855419019484299,30.5523056859885,9,1,0.6,0.3,0.1,1,0.03,1,0.06,1,1,0.01
"322",2.73288868832854,10.2274565811072,0.000141933629642129,0.0727705194733112,0.0336179981634527,0.846136509222897,30.9918564856987,9,1,0.6,0.3,0.1,1,0.03,1,0.06,1,1,0.03
"323",2.73288868832854,10.2274565811072,0.00145561337975972,0.457534251693905,0.0315518824609734,0.980739605325918,30.9012003627491,9,1,0.6,0.3,0.1,1,0.03,1,0.06,1,10,0.01
"324",2.73288868832854,10.2274565811072,0.00174609478337242,0.549385512730289,0.0308080808080808,0.965950105627024,32.2176001981579,9,1,0.6,0.3,0.1,1,0.03,1,0.06,1,10,0.03
